image,NoF,ALB,BET,DOL,LAG,OTHER,SHARK,YFT
img_00005.jpg,0.98,0.02,0.02,0.02,0.02,0.02,0.02,0.02
img_00007.jpg,0.02,0.02,0.02,0.02,0.02,0.02,0.02,0.98
img_00009.jpg,0.053345680236816406,0.9083322882652283,0.022646857425570488,0.02,0.02,0.02,0.02,0.02
img_00018.jpg,0.058728717267513275,0.741118311882019,0.02,0.02,0.02,0.1804484874010086,0.02,0.02
img_00027.jpg,0.03692365065217018,0.9140996932983398,0.02,0.02,0.02,0.02,0.02,0.027756810188293457
img_00030.jpg,0.9336913228034973,0.05805688351392746,0.02,0.02,0.02,0.02,0.02,0.02
img_00040.jpg,0.035226453095674515,0.02,0.02,0.03354756906628609,0.02,0.02,0.8958948850631714,0.02
img_00046.jpg,0.98,0.02,0.02,0.02,0.02,0.02,0.02,0.02
img_00053.jpg,0.04040961712598801,0.525591254234314,0.02,0.02,0.02,0.02,0.02,0.4295117259025574
img_00071.jpg,0.10805103182792664,0.02,0.02,0.02,0.875900387763977,0.02,0.02,0.02
img_00075.jpg,0.02,0.98,0.02,0.02,0.02,0.02,0.02,0.02
img_00102.jpg,0.02,0.02,0.02,0.02,0.02,0.02,0.02,0.98
img_00103.jpg,0.06473810225725174,0.9222726225852966,0.02,0.02,0.02,0.02,0.02,0.02
img_00109.jpg,0.02,0.98,0.02,0.02,0.02,0.02,0.02,0.02
img_00119.jpg,0.98,0.02,0.02,0.02,0.02,0.02,0.02,0.02
img_00120.jpg,0.02,0.98,0.02,0.02,0.02,0.02,0.02,0.02
img_00125.jpg,0.02,0.9611815810203552,0.02,0.02,0.02,0.02,0.02,0.02
img_00128.jpg,0.02,0.02,0.02,0.02,0.02,0.02,0.02,0.98
img_00129.jpg,0.05186969041824341,0.02,0.02,0.8091445565223694,0.02,0.030025549232959747,0.038885097950696945,0.06945518404245377
img_00133.jpg,0.98,0.02,0.02,0.02,0.02,0.02,0.02,0.02
img_00138.jpg,0.02,0.9649789333343506,0.02,0.02,0.02,0.02,0.02,0.02
img_00141.jpg,0.04918248578906059,0.02,0.02,0.02,0.02,0.02,0.02,0.9486635327339172
img_00152.jpg,0.02,0.02,0.02,0.02,0.02,0.02,0.02,0.98
img_00161.jpg,0.02,0.02,0.02,0.02,0.02,0.02,0.02,0.98
img_00164.jpg,0.98,0.02,0.02,0.02,0.02,0.02,0.02,0.02
img_00170.jpg,0.02,0.39364415407180786,0.412846177816391,0.02,0.03379305079579353,0.02,0.02,0.13951285183429718
img_00171.jpg,0.0881573036313057,0.02,0.02,0.02,0.02,0.9064717888832092,0.02,0.02
img_00172.jpg,0.98,0.02,0.02,0.02,0.02,0.02,0.02,0.02
img_00175.jpg,0.29591596126556396,0.02,0.02,0.02,0.02,0.6327446103096008,0.02485044114291668,0.02
img_00180.jpg,0.02,0.02,0.02,0.02,0.02,0.02,0.02,0.98
img_00196.jpg,0.98,0.02,0.02,0.02,0.02,0.02,0.02,0.02
img_00212.jpg,0.02,0.02,0.02,0.02,0.02,0.02,0.02,0.98
img_00223.jpg,0.02,0.7533943057060242,0.0832328125834465,0.02,0.02,0.1038338765501976,0.02,0.038621801882982254
img_00230.jpg,0.07592620700597763,0.8994389176368713,0.02,0.02,0.02,0.02,0.02,0.02
img_00232.jpg,0.026389937847852707,0.02,0.02,0.02,0.02,0.02,0.9374088644981384,0.02269153855741024
img_00244.jpg,0.08877212554216385,0.9019551873207092,0.02,0.02,0.02,0.02,0.02,0.02
img_00272.jpg,0.08113875240087509,0.9098085761070251,0.02,0.02,0.02,0.02,0.02,0.02
img_00280.jpg,0.02,0.98,0.02,0.02,0.02,0.02,0.02,0.02
img_00282.jpg,0.2811936140060425,0.02,0.02,0.02,0.02,0.6874756217002869,0.020564982667565346,0.02
img_00285.jpg,0.07766136527061462,0.9025138020515442,0.02,0.02,0.02,0.02,0.02,0.02
img_00289.jpg,0.25503844022750854,0.6267282366752625,0.026722906157374382,0.02,0.02,0.02,0.02,0.08077944070100784
img_00292.jpg,0.026134265586733818,0.966090202331543,0.02,0.02,0.02,0.02,0.02,0.02
img_00302.jpg,0.10385166108608246,0.02,0.02,0.04654310271143913,0.02,0.02,0.8045026659965515,0.02585233561694622
img_00311.jpg,0.02,0.9698861241340637,0.02,0.02,0.02,0.02,0.02,0.02593790367245674
img_00320.jpg,0.02,0.978569507598877,0.02,0.02,0.02,0.02,0.02,0.02
img_00331.jpg,0.02,0.20033176243305206,0.02,0.02,0.02,0.028736786916851997,0.6706726551055908,0.07921703904867172
img_00358.jpg,0.04418445751070976,0.4587264358997345,0.02,0.02,0.02,0.02,0.02,0.4840083718299866
img_00374.jpg,0.033421389758586884,0.8731920123100281,0.022827424108982086,0.02,0.02,0.02,0.02,0.06696875393390656
img_00375.jpg,0.03293359652161598,0.02,0.02,0.930282473564148,0.02,0.036333948373794556,0.02,0.02
img_00376.jpg,0.07761424034833908,0.903700053691864,0.02,0.02,0.02,0.02,0.02,0.02
img_00380.jpg,0.02,0.98,0.02,0.02,0.02,0.02,0.02,0.02
img_00383.jpg,0.04742710292339325,0.9503397345542908,0.02,0.02,0.02,0.02,0.02,0.02
img_00398.jpg,0.022819388657808304,0.5281266570091248,0.02,0.02,0.02,0.02,0.02,0.435528427362442
img_00407.jpg,0.02,0.98,0.02,0.02,0.02,0.02,0.02,0.02
img_00417.jpg,0.1186114251613617,0.02,0.02,0.02,0.02,0.02,0.02,0.8792469501495361
img_00432.jpg,0.14564722776412964,0.4141797721385956,0.02,0.0291135311126709,0.02,0.2413320392370224,0.02,0.14787578582763672
img_00442.jpg,0.05589130148291588,0.02,0.02,0.02,0.02,0.02,0.02,0.9435734152793884
img_00446.jpg,0.02,0.98,0.02,0.02,0.02,0.02,0.02,0.02
img_00469.jpg,0.02,0.9270464777946472,0.02,0.02,0.02,0.02,0.02,0.041672833263874054
img_00473.jpg,0.087852343916893,0.8616414070129395,0.02,0.02,0.02,0.02,0.02,0.04836907982826233
img_00483.jpg,0.02,0.98,0.02,0.02,0.02,0.02,0.02,0.02
img_00484.jpg,0.02,0.02,0.02,0.02,0.02,0.02,0.02,0.9654496312141418
img_00486.jpg,0.8027290105819702,0.1903804987668991,0.02,0.02,0.02,0.02,0.02,0.02
img_00487.jpg,0.9654397964477539,0.02,0.02,0.02,0.02,0.02,0.02,0.02
img_00493.jpg,0.9073492288589478,0.02,0.02,0.02,0.02,0.020955530926585197,0.02,0.0362260527908802
img_00518.jpg,0.036161381751298904,0.7682357430458069,0.02,0.02,0.02,0.02,0.02,0.194663405418396
img_00533.jpg,0.02,0.02,0.02,0.02,0.02,0.02,0.02,0.98
img_00538.jpg,0.035600971430540085,0.9391692876815796,0.02,0.02,0.02,0.02,0.02,0.02
img_00543.jpg,0.02,0.9070917963981628,0.02,0.02,0.02,0.02,0.02,0.08308761566877365
img_00550.jpg,0.09801977872848511,0.29856082797050476,0.02,0.02,0.02,0.543083906173706,0.02,0.023913782089948654
img_00551.jpg,0.024016911163926125,0.382650762796402,0.02,0.02,0.02,0.02,0.02,0.5903756022453308
img_00564.jpg,0.98,0.02,0.02,0.02,0.02,0.02,0.02,0.02
img_00575.jpg,0.02,0.9676761031150818,0.02,0.02,0.02,0.02,0.02,0.022256458178162575
img_00582.jpg,0.04495842382311821,0.8606667518615723,0.03336401656270027,0.02,0.02,0.02,0.02,0.04644203186035156
img_00584.jpg,0.02,0.02,0.02,0.02,0.02,0.02,0.02,0.98
img_00587.jpg,0.02,0.02,0.02,0.02,0.02,0.02,0.02,0.98
img_00590.jpg,0.02,0.03937998041510582,0.02,0.02,0.02,0.02,0.02,0.948684811592102
img_00591.jpg,0.02,0.02,0.02,0.02,0.02,0.02,0.02,0.98
img_00598.jpg,0.06690100580453873,0.9308902621269226,0.02,0.02,0.02,0.02,0.02,0.02
img_00599.jpg,0.02,0.8458570241928101,0.02,0.02,0.02,0.02,0.02,0.1307123452425003
img_00612.jpg,0.02,0.98,0.02,0.02,0.02,0.02,0.02,0.02
img_00618.jpg,0.98,0.02,0.02,0.02,0.02,0.02,0.02,0.02
img_00620.jpg,0.02,0.6856812834739685,0.02,0.02,0.02,0.02,0.02,0.28035908937454224
img_00642.jpg,0.02,0.02,0.02,0.02,0.9663787484169006,0.02,0.02,0.02
img_00646.jpg,0.02,0.02,0.02,0.02,0.02,0.02,0.02,0.98
img_00648.jpg,0.02,0.9550756216049194,0.02,0.02,0.02,0.02,0.02,0.040092211216688156
img_00650.jpg,0.1656733602285385,0.4230605959892273,0.02,0.023893224075436592,0.02,0.1389203667640686,0.09561565518379211,0.14814767241477966
img_00654.jpg,0.02,0.18382969498634338,0.02,0.02,0.02,0.02,0.02,0.8066648840904236
img_00664.jpg,0.02,0.98,0.02,0.02,0.02,0.02,0.02,0.02
img_00667.jpg,0.98,0.02,0.02,0.02,0.02,0.02,0.02,0.02
img_00676.jpg,0.98,0.02,0.02,0.02,0.02,0.02,0.02,0.02
img_00697.jpg,0.03695095703005791,0.02,0.02,0.02,0.02,0.02,0.02,0.9628257155418396
img_00708.jpg,0.02,0.9789032936096191,0.02,0.02,0.02,0.02,0.02,0.02
img_00716.jpg,0.035390108823776245,0.5645355582237244,0.02060655690729618,0.02,0.02,0.3242480456829071,0.02,0.02726619504392147
img_00717.jpg,0.035785775631666183,0.8660998344421387,0.0763959288597107,0.02,0.02,0.02,0.02,0.02
img_00718.jpg,0.02,0.9633846282958984,0.02,0.02,0.02,0.02,0.02,0.02
img_00723.jpg,0.7637258172035217,0.02,0.02,0.02,0.02,0.02,0.02,0.2182355672121048
img_00724.jpg,0.03674289211630821,0.02,0.02,0.02,0.02,0.02,0.02,0.9562592506408691
img_00726.jpg,0.02,0.98,0.02,0.02,0.02,0.02,0.02,0.02
img_00729.jpg,0.02,0.9370101690292358,0.02,0.02,0.02,0.02,0.02,0.020502103492617607
img_00730.jpg,0.09305592626333237,0.6372158527374268,0.02,0.02,0.02,0.02,0.02,0.25926104187965393
img_00757.jpg,0.10754022747278214,0.8739209771156311,0.02,0.02,0.02,0.02,0.02,0.02
img_00760.jpg,0.02,0.02,0.02,0.02,0.9740248918533325,0.02,0.02,0.02
img_00763.jpg,0.98,0.02,0.02,0.02,0.02,0.02,0.02,0.02
img_00764.jpg,0.02,0.02,0.02,0.02,0.02,0.02,0.02,0.98
img_00765.jpg,0.0946311354637146,0.02,0.02,0.02,0.02,0.8785333633422852,0.02,0.02
img_00772.jpg,0.02,0.02,0.02,0.029974697157740593,0.02,0.02,0.02,0.9405856132507324
img_00773.jpg,0.20528237521648407,0.3290879726409912,0.14318399131298065,0.04836922138929367,0.03396279364824295,0.040484435856342316,0.02,0.19692634046077728
img_00777.jpg,0.04262203350663185,0.02,0.02,0.02,0.02,0.945669949054718,0.02,0.02
img_00780.jpg,0.14736633002758026,0.02,0.02,0.02,0.02,0.02,0.02,0.8493930101394653
img_00798.jpg,0.02,0.9648934602737427,0.022940291091799736,0.02,0.02,0.02,0.02,0.02
img_00808.jpg,0.12900817394256592,0.857637882232666,0.02,0.02,0.02,0.02,0.02,0.02
img_00816.jpg,0.02,0.98,0.02,0.02,0.02,0.02,0.02,0.02
img_00828.jpg,0.98,0.02,0.02,0.02,0.02,0.02,0.02,0.02
img_00833.jpg,0.02,0.7751955986022949,0.06736045330762863,0.02,0.02,0.03355083987116814,0.02,0.09064185619354248
img_00837.jpg,0.02,0.9776138067245483,0.02,0.02,0.02,0.02,0.02,0.02
img_00855.jpg,0.05026371777057648,0.9269262552261353,0.02,0.02,0.02,0.02,0.02,0.02
img_00857.jpg,0.021944157779216766,0.9663619995117188,0.02,0.02,0.02,0.02,0.02,0.02
img_00858.jpg,0.02,0.98,0.02,0.02,0.02,0.02,0.02,0.02
img_00865.jpg,0.02,0.98,0.02,0.02,0.02,0.02,0.02,0.02
img_00876.jpg,0.98,0.02,0.02,0.02,0.02,0.02,0.02,0.02
img_00889.jpg,0.98,0.02,0.02,0.02,0.02,0.02,0.02,0.02
img_00894.jpg,0.41019386053085327,0.3802421987056732,0.02503492683172226,0.02,0.02,0.02,0.02271343767642975,0.1143188402056694
img_00902.jpg,0.02504410594701767,0.02,0.02,0.02,0.02,0.02,0.9519922733306885,0.02
img_00914.jpg,0.02,0.02,0.02,0.02,0.02,0.02,0.02,0.98
img_00921.jpg,0.02,0.98,0.02,0.02,0.02,0.02,0.02,0.02
img_00927.jpg,0.02,0.02,0.02,0.02,0.02,0.02,0.02,0.98
img_00943.jpg,0.055212877690792084,0.8969351053237915,0.02,0.02,0.02,0.02,0.02,0.04477880150079727
img_00948.jpg,0.98,0.02,0.02,0.02,0.02,0.02,0.02,0.02
img_00950.jpg,0.98,0.02,0.02,0.02,0.02,0.02,0.02,0.02
img_00959.jpg,0.02,0.98,0.02,0.02,0.02,0.02,0.02,0.02
img_00962.jpg,0.02,0.02,0.02,0.02,0.02,0.02,0.02,0.98
img_00964.jpg,0.02,0.02,0.02,0.98,0.02,0.02,0.02,0.02
img_00966.jpg,0.931003749370575,0.0215902142226696,0.02,0.02,0.02,0.02,0.02,0.023378916084766388
img_00974.jpg,0.06501638889312744,0.8960175514221191,0.02,0.02,0.02,0.02,0.02,0.030311409384012222
img_00979.jpg,0.07728193700313568,0.02,0.02,0.02,0.02,0.02,0.02,0.9182201623916626
img_00982.jpg,0.6332210898399353,0.02,0.02,0.02,0.02,0.02,0.02,0.34502941370010376
img_00985.jpg,0.02,0.98,0.02,0.02,0.02,0.02,0.02,0.02
img_00999.jpg,0.03653759881854057,0.9532926678657532,0.02,0.02,0.02,0.02,0.02,0.02
img_01022.jpg,0.09347420930862427,0.903171718120575,0.02,0.02,0.02,0.02,0.02,0.02
img_01031.jpg,0.03057990036904812,0.24858786165714264,0.02,0.02,0.02,0.7086601257324219,0.02,0.02
img_01035.jpg,0.02,0.02,0.02,0.02,0.02,0.98,0.02,0.02
img_01043.jpg,0.9675171971321106,0.03127475455403328,0.02,0.02,0.02,0.02,0.02,0.02
img_01058.jpg,0.021117959171533585,0.9570909142494202,0.02,0.02,0.02,0.02,0.02,0.02157268114387989
img_01059.jpg,0.02,0.02,0.02,0.02,0.02,0.02,0.02,0.98
img_01090.jpg,0.98,0.02,0.02,0.02,0.02,0.02,0.02,0.02
img_01102.jpg,0.02,0.02,0.058990366756916046,0.02,0.02,0.02,0.02,0.909212052822113
img_01103.jpg,0.03370809927582741,0.03648179769515991,0.02,0.02,0.02,0.02,0.02,0.9029436707496643
img_01116.jpg,0.02,0.914600133895874,0.03523373603820801,0.02,0.02,0.03542383760213852,0.02,0.02
img_01134.jpg,0.02,0.9441229701042175,0.02,0.02,0.02,0.02,0.02,0.03667747229337692
img_01142.jpg,0.98,0.02,0.02,0.02,0.02,0.02,0.02,0.02
img_01168.jpg,0.06389351189136505,0.02,0.02,0.02,0.02,0.21086381375789642,0.721321165561676,0.02
img_01171.jpg,0.98,0.02,0.02,0.02,0.02,0.02,0.02,0.02
img_01177.jpg,0.98,0.02,0.02,0.02,0.02,0.02,0.02,0.02
img_01179.jpg,0.02,0.98,0.02,0.02,0.02,0.02,0.02,0.02
img_01188.jpg,0.051517780870199203,0.02,0.02,0.02,0.02,0.9357826113700867,0.02,0.02
img_01198.jpg,0.02,0.9797729253768921,0.02,0.02,0.02,0.02,0.02,0.02
img_01204.jpg,0.98,0.02,0.02,0.02,0.02,0.02,0.02,0.02
img_01208.jpg,0.98,0.02,0.02,0.02,0.02,0.02,0.02,0.02
img_01211.jpg,0.146394282579422,0.30901017785072327,0.5042548179626465,0.02,0.02,0.02,0.02,0.03432471677660942
img_01213.jpg,0.03741955757141113,0.8940556645393372,0.05914066731929779,0.02,0.02,0.02,0.02,0.02
img_01222.jpg,0.024262040853500366,0.9389787912368774,0.02,0.02,0.02,0.02,0.02,0.031094355508685112
img_01224.jpg,0.05707861855626106,0.02,0.02,0.02,0.02,0.02,0.02,0.9416512846946716
img_01237.jpg,0.6135293841362,0.02,0.02,0.02,0.02,0.02,0.02,0.3733518123626709
img_01249.jpg,0.98,0.02,0.02,0.02,0.02,0.02,0.02,0.02
img_01253.jpg,0.02,0.02,0.02,0.02,0.02,0.02,0.02,0.98
img_01286.jpg,0.02,0.02,0.02,0.02,0.02,0.02,0.02,0.98
img_01289.jpg,0.02,0.02,0.02,0.02,0.02,0.02,0.02,0.98
img_01325.jpg,0.98,0.02,0.02,0.02,0.02,0.02,0.02,0.02
img_01328.jpg,0.05780909210443497,0.9363692998886108,0.02,0.02,0.02,0.02,0.02,0.02
img_01366.jpg,0.6358444690704346,0.02,0.02,0.02,0.02,0.33039650321006775,0.02,0.02
img_01371.jpg,0.02,0.98,0.02,0.02,0.02,0.02,0.02,0.02
img_01373.jpg,0.7702422738075256,0.22053545713424683,0.02,0.02,0.02,0.02,0.02,0.02
img_01377.jpg,0.9321436882019043,0.06286252290010452,0.02,0.02,0.02,0.02,0.02,0.02
img_01379.jpg,0.02,0.98,0.02,0.02,0.02,0.02,0.02,0.02
img_01384.jpg,0.02575458399951458,0.027868328616023064,0.044340383261442184,0.020302381366491318,0.02,0.8526063561439514,0.02,0.021132763475179672
img_01388.jpg,0.02,0.98,0.02,0.02,0.02,0.02,0.02,0.02
img_01392.jpg,0.02,0.02,0.02,0.98,0.02,0.02,0.02,0.02
img_01399.jpg,0.02,0.02,0.9364080429077148,0.02,0.02,0.02,0.02,0.02
img_01404.jpg,0.10465740412473679,0.889681875705719,0.02,0.02,0.02,0.02,0.02,0.02
img_01405.jpg,0.02,0.98,0.02,0.02,0.02,0.02,0.02,0.02
img_01413.jpg,0.02,0.98,0.02,0.02,0.02,0.02,0.02,0.02
img_01426.jpg,0.05511463060975075,0.02,0.02,0.02,0.02,0.02,0.9192918539047241,0.023372504860162735
img_01431.jpg,0.02,0.02,0.02,0.02,0.9709519147872925,0.02,0.02,0.02
img_01441.jpg,0.02,0.02,0.02,0.02,0.02,0.02,0.02,0.98
img_01444.jpg,0.055726565420627594,0.02,0.02,0.02,0.02,0.02,0.02,0.9419108629226685
img_01490.jpg,0.02,0.02,0.02,0.02,0.02,0.02,0.02,0.98
img_01495.jpg,0.10977872461080551,0.17657062411308289,0.02,0.02,0.02,0.02,0.02,0.6875225305557251
img_01505.jpg,0.98,0.02,0.02,0.02,0.02,0.02,0.02,0.02
img_01511.jpg,0.10939989238977432,0.8616527915000916,0.02,0.02,0.02,0.02,0.02,0.02
img_01519.jpg,0.02,0.98,0.02,0.02,0.02,0.02,0.02,0.02
img_01530.jpg,0.02,0.8462666273117065,0.10208889842033386,0.02,0.02,0.02,0.02,0.04367632046341896
img_01537.jpg,0.02,0.8305518627166748,0.02,0.02,0.02,0.10765445232391357,0.02,0.024275939911603928
img_01538.jpg,0.021632809191942215,0.9629002809524536,0.02,0.02,0.02,0.02,0.02,0.02
img_01541.jpg,0.98,0.02,0.02,0.02,0.02,0.02,0.02,0.02
img_01543.jpg,0.020447446033358574,0.9665340185165405,0.02,0.02,0.02,0.02,0.02,0.02
img_01548.jpg,0.02,0.8638643622398376,0.036014165729284286,0.02,0.02,0.07450032234191895,0.02,0.02
img_01552.jpg,0.02,0.98,0.02,0.02,0.02,0.02,0.02,0.02
img_01561.jpg,0.98,0.02,0.02,0.02,0.02,0.02,0.02,0.02
img_01562.jpg,0.02,0.98,0.02,0.02,0.02,0.02,0.02,0.02
img_01571.jpg,0.02,0.9549695253372192,0.02,0.02,0.02,0.02,0.02,0.030850708484649658
img_01593.jpg,0.02,0.8497747182846069,0.02,0.02,0.02,0.02,0.02,0.13203546404838562
img_01595.jpg,0.9364704489707947,0.02,0.02,0.02,0.02,0.02,0.02,0.051025912165641785
img_01616.jpg,0.02,0.8118757009506226,0.10521029680967331,0.02,0.02,0.02,0.02,0.06015172600746155
img_01618.jpg,0.02,0.98,0.02,0.02,0.02,0.02,0.02,0.02
img_01627.jpg,0.03566915914416313,0.9608726501464844,0.02,0.02,0.02,0.02,0.02,0.02
img_01632.jpg,0.0629565641283989,0.8950411081314087,0.020448999479413033,0.02,0.02,0.02,0.02,0.02
img_01633.jpg,0.023314913734793663,0.9746012687683105,0.02,0.02,0.02,0.02,0.02,0.02
img_01640.jpg,0.02,0.9486256837844849,0.02,0.02,0.02,0.02,0.02,0.04412461817264557
img_01646.jpg,0.07478760182857513,0.9184246063232422,0.02,0.02,0.02,0.02,0.02,0.02
img_01647.jpg,0.9366061687469482,0.03422558307647705,0.02,0.02,0.02,0.02,0.02,0.02574106864631176
img_01649.jpg,0.02825968712568283,0.9681593775749207,0.02,0.02,0.02,0.02,0.02,0.02
img_01657.jpg,0.04024685174226761,0.02,0.02,0.8381335139274597,0.02,0.02,0.02,0.11979080736637115
img_01669.jpg,0.02,0.02,0.02,0.02,0.9744027853012085,0.02,0.02,0.02
img_01673.jpg,0.07573230564594269,0.8093886971473694,0.02,0.02,0.02,0.02,0.02,0.10573191940784454
img_01681.jpg,0.02,0.02,0.02,0.02,0.02,0.02,0.02,0.98
img_01684.jpg,0.021731821820139885,0.9675897359848022,0.02,0.02,0.02,0.02,0.02,0.02
img_01685.jpg,0.98,0.02,0.02,0.02,0.02,0.02,0.02,0.02
img_01687.jpg,0.11756182461977005,0.19091014564037323,0.02,0.02,0.02,0.02,0.02,0.6886540055274963
img_01688.jpg,0.1487586796283722,0.02,0.02,0.02,0.02,0.02,0.02,0.8498998284339905
img_01689.jpg,0.05683610215783119,0.02,0.02,0.02,0.02,0.02,0.02,0.9397211074829102
img_01716.jpg,0.98,0.02,0.02,0.02,0.02,0.02,0.02,0.02
img_01717.jpg,0.98,0.02,0.02,0.02,0.02,0.02,0.02,0.02
img_01724.jpg,0.02,0.9429428577423096,0.02,0.02,0.02,0.04035428538918495,0.02,0.02
img_01745.jpg,0.9673743844032288,0.02428537979722023,0.02,0.02,0.02,0.02,0.02,0.02
img_01771.jpg,0.04415798559784889,0.929105281829834,0.02,0.02,0.02,0.02,0.02,0.0223182812333107
img_01773.jpg,0.13122104108333588,0.8591694831848145,0.02,0.02,0.02,0.02,0.02,0.02
img_01781.jpg,0.928662896156311,0.051807865500450134,0.02,0.02,0.02,0.02,0.02,0.02
img_01782.jpg,0.98,0.02,0.02,0.02,0.02,0.02,0.02,0.02
img_01802.jpg,0.350342333316803,0.6435564756393433,0.02,0.02,0.02,0.02,0.02,0.02
img_01803.jpg,0.02,0.02,0.02,0.9773304462432861,0.02,0.02,0.02,0.02
img_01824.jpg,0.02,0.98,0.02,0.02,0.02,0.02,0.02,0.02
img_01825.jpg,0.98,0.02,0.02,0.02,0.02,0.02,0.02,0.02
img_01831.jpg,0.2057846188545227,0.5564243793487549,0.15192769467830658,0.02,0.02619856223464012,0.02,0.02,0.05074335262179375
img_01834.jpg,0.15015758574008942,0.02,0.02,0.02,0.02,0.02,0.02,0.848855197429657
img_01847.jpg,0.02,0.02,0.02,0.02,0.02,0.02,0.02,0.98
img_01853.jpg,0.02,0.02,0.02,0.02,0.02,0.02,0.02,0.98
img_01856.jpg,0.06940194964408875,0.8829834461212158,0.02,0.02,0.02,0.02,0.02,0.033881574869155884
img_01860.jpg,0.02,0.9552532434463501,0.02,0.02,0.02,0.02,0.02,0.02
img_01862.jpg,0.02,0.9476690292358398,0.02,0.02,0.02,0.036843955516815186,0.02,0.02
img_01874.jpg,0.02,0.12329085171222687,0.02,0.02,0.02,0.020619649440050125,0.7609913945198059,0.0812496617436409
img_01888.jpg,0.02,0.02,0.02,0.02,0.02,0.9765275716781616,0.02,0.02
img_01918.jpg,0.02,0.02,0.02,0.02,0.98,0.02,0.02,0.02
img_01930.jpg,0.02498743124306202,0.9180238246917725,0.034276340156793594,0.02,0.02,0.02,0.02,0.0214923657476902
img_01932.jpg,0.03559509292244911,0.8557991981506348,0.04134620353579521,0.02,0.02,0.02,0.02,0.055472325533628464
img_01955.jpg,0.1405322551727295,0.02,0.02,0.02,0.02,0.02,0.02,0.8587158918380737
img_01963.jpg,0.07236368209123611,0.925145149230957,0.02,0.02,0.02,0.02,0.02,0.02
img_01966.jpg,0.04511982202529907,0.9431378245353699,0.02,0.02,0.02,0.02,0.02,0.02
img_01976.jpg,0.036347076296806335,0.9182484149932861,0.02,0.02,0.02,0.02,0.02,0.04477238282561302
img_01983.jpg,0.032181061804294586,0.9668520092964172,0.02,0.02,0.02,0.02,0.02,0.02
img_01984.jpg,0.05018026381731033,0.2198684960603714,0.02,0.02,0.02,0.02,0.02,0.7285484075546265
img_01995.jpg,0.05486314371228218,0.02,0.21131758391857147,0.02,0.6155402660369873,0.04573221877217293,0.02,0.05329784378409386
img_01996.jpg,0.05766565725207329,0.12124956399202347,0.0340045690536499,0.02,0.02,0.024404305964708328,0.021968146786093712,0.7204506397247314
img_02001.jpg,0.02,0.9133278727531433,0.02,0.02,0.02,0.02,0.02,0.050066813826560974
img_02006.jpg,0.26957422494888306,0.11066389083862305,0.02,0.02,0.49314698576927185,0.04952087253332138,0.02,0.041667401790618896
img_02066.jpg,0.02,0.98,0.02,0.02,0.02,0.02,0.02,0.02
img_02074.jpg,0.02,0.98,0.02,0.02,0.02,0.02,0.02,0.02
img_02076.jpg,0.02,0.02,0.9575669169425964,0.02,0.02,0.02,0.02,0.03742862492799759
img_02077.jpg,0.02,0.02,0.02,0.02,0.9713058471679688,0.02,0.02,0.02
img_02078.jpg,0.6252749562263489,0.3261931240558624,0.02,0.02,0.02,0.02,0.02,0.032338786870241165
img_02082.jpg,0.8841840624809265,0.10122296959161758,0.02,0.02,0.02,0.02,0.02,0.02
img_02083.jpg,0.7688127160072327,0.21309371292591095,0.02,0.02,0.02,0.02,0.02,0.02
img_02096.jpg,0.02,0.98,0.02,0.02,0.02,0.02,0.02,0.02
img_02119.jpg,0.020476723089814186,0.7921183109283447,0.08253909647464752,0.02,0.02,0.07403726130723953,0.02,0.020415734499692917
img_02124.jpg,0.02,0.02,0.05377451330423355,0.02,0.02,0.9133602380752563,0.02,0.02
img_02135.jpg,0.98,0.02,0.02,0.02,0.02,0.02,0.02,0.02
img_02146.jpg,0.2961156368255615,0.6464810967445374,0.02,0.02,0.02,0.02,0.02,0.025242995470762253
img_02159.jpg,0.98,0.02,0.02,0.02,0.02,0.02,0.02,0.02
img_02172.jpg,0.02,0.8910058736801147,0.02,0.02,0.02,0.029879696667194366,0.02,0.03962719067931175
img_02180.jpg,0.08645065873861313,0.8312253952026367,0.02,0.02,0.02,0.05601361393928528,0.02,0.02
img_02188.jpg,0.06038795784115791,0.9345111846923828,0.02,0.02,0.02,0.02,0.02,0.02
img_02194.jpg,0.98,0.02,0.02,0.02,0.02,0.02,0.02,0.02
img_02209.jpg,0.02,0.03850536420941353,0.059370655566453934,0.02,0.02,0.8692997694015503,0.02116006426513195,0.02
img_02216.jpg,0.023127609863877296,0.02,0.02,0.07509781420230865,0.02,0.02,0.02,0.8882219791412354
img_02231.jpg,0.17245370149612427,0.02,0.02,0.02,0.809484601020813,0.02,0.02,0.02
img_02235.jpg,0.2502753734588623,0.02,0.11078770458698273,0.02,0.5713244080543518,0.022438116371631622,0.02,0.029941542074084282
img_02252.jpg,0.09050340950489044,0.9028104543685913,0.02,0.02,0.02,0.02,0.02,0.02
img_02268.jpg,0.02,0.9757335782051086,0.02,0.02,0.02,0.02,0.02,0.02
img_02270.jpg,0.02,0.98,0.02,0.02,0.02,0.02,0.02,0.02
img_02281.jpg,0.03499334678053856,0.02,0.02,0.02,0.9481596350669861,0.02,0.02,0.02
img_02282.jpg,0.02,0.02,0.02,0.02,0.02,0.02,0.02,0.98
img_02285.jpg,0.5782525539398193,0.17929939925670624,0.02,0.02,0.02,0.02,0.02,0.22904489934444427
img_02291.jpg,0.08828742057085037,0.9041444659233093,0.02,0.02,0.02,0.02,0.02,0.02
img_02299.jpg,0.0475839339196682,0.9276724457740784,0.02,0.02,0.02,0.02,0.02,0.020567407831549644
img_02305.jpg,0.04132061079144478,0.02,0.30221912264823914,0.02,0.5473074913024902,0.02886483073234558,0.02,0.059605345129966736
img_02307.jpg,0.039562124758958817,0.9584843516349792,0.02,0.02,0.02,0.02,0.02,0.02
img_02309.jpg,0.02,0.7766165137290955,0.02,0.02,0.02,0.02,0.02,0.21387824416160583
img_02318.jpg,0.149041086435318,0.02,0.02,0.02,0.02,0.02,0.02,0.8491530418395996
img_02347.jpg,0.6899816989898682,0.24680586159229279,0.02,0.02,0.02,0.02,0.03471028059720993,0.02
img_02356.jpg,0.02,0.02,0.02,0.02,0.02,0.02,0.02,0.98
img_02367.jpg,0.02,0.98,0.02,0.02,0.02,0.02,0.02,0.02
img_02372.jpg,0.98,0.02,0.02,0.02,0.02,0.02,0.02,0.02
img_02379.jpg,0.07464934140443802,0.02,0.02,0.02,0.02,0.02,0.02,0.9015893936157227
img_02384.jpg,0.02,0.947776734828949,0.02,0.02,0.02,0.02,0.02,0.036419034004211426
img_02398.jpg,0.02,0.9632923603057861,0.02,0.02,0.02,0.02,0.02,0.021434109658002853
img_02400.jpg,0.02,0.98,0.02,0.02,0.02,0.02,0.02,0.02
img_02406.jpg,0.04529140517115593,0.02,0.02,0.02,0.9198884963989258,0.02,0.02,0.02
img_02412.jpg,0.02,0.9693866968154907,0.02,0.02,0.02,0.02,0.02,0.02658040076494217
img_02416.jpg,0.12116701900959015,0.7411452531814575,0.06821423768997192,0.02,0.02,0.02,0.02,0.05468284338712692
img_02422.jpg,0.11397237330675125,0.8772544860839844,0.02,0.02,0.02,0.02,0.02,0.02
img_02479.jpg,0.9766396284103394,0.02,0.02,0.02,0.02,0.02,0.02,0.02
img_02486.jpg,0.02,0.98,0.02,0.02,0.02,0.02,0.02,0.02
img_02487.jpg,0.04842369630932808,0.8962723016738892,0.02,0.02,0.02,0.02,0.02,0.053189538419246674
img_02507.jpg,0.02,0.02,0.02,0.023431269451975822,0.02,0.9337419867515564,0.02,0.02
img_02522.jpg,0.04080437868833542,0.9548259377479553,0.02,0.02,0.02,0.02,0.02,0.02
img_02540.jpg,0.15602539479732513,0.7361243963241577,0.02,0.02,0.02,0.028675375506281853,0.02,0.06486722081899643
img_02546.jpg,0.16698849201202393,0.8254923820495605,0.02,0.02,0.02,0.02,0.02,0.02
img_02556.jpg,0.02,0.02,0.02,0.02,0.02,0.02,0.02,0.98
img_02560.jpg,0.98,0.02,0.02,0.02,0.02,0.02,0.02,0.02
img_02563.jpg,0.98,0.02,0.02,0.02,0.02,0.02,0.02,0.02
img_02565.jpg,0.02,0.98,0.02,0.02,0.02,0.02,0.02,0.02
img_02573.jpg,0.6421481966972351,0.3389131426811218,0.02,0.02,0.02,0.02,0.02,0.02
img_02574.jpg,0.02,0.02,0.02,0.02,0.02,0.02,0.02,0.98
img_02602.jpg,0.021738646551966667,0.9043576121330261,0.02,0.02,0.02,0.02,0.02,0.057612985372543335
img_02607.jpg,0.98,0.02,0.02,0.02,0.02,0.02,0.02,0.02
img_02622.jpg,0.037017397582530975,0.9514719843864441,0.02,0.02,0.02,0.02,0.02,0.02
img_02625.jpg,0.02348921075463295,0.02,0.16174660623073578,0.025588463991880417,0.02,0.0678543746471405,0.03147085756063461,0.6729981303215027
img_02636.jpg,0.1075592041015625,0.02,0.02,0.02,0.02,0.02,0.02,0.8855151534080505
img_02638.jpg,0.02,0.98,0.02,0.02,0.02,0.02,0.02,0.02
img_02641.jpg,0.98,0.02,0.02,0.02,0.02,0.02,0.02,0.02
img_02646.jpg,0.02,0.02,0.02,0.02,0.02,0.02,0.02,0.98
img_02648.jpg,0.11552952229976654,0.02,0.02,0.02,0.02,0.02,0.02,0.868973433971405
img_02651.jpg,0.02,0.98,0.02,0.02,0.02,0.02,0.02,0.02
img_02656.jpg,0.02,0.9401298761367798,0.02,0.02,0.02,0.02,0.02,0.03047379106283188
img_02666.jpg,0.02,0.9687700271606445,0.02,0.02,0.02,0.02,0.02,0.02
img_02679.jpg,0.0897674635052681,0.02,0.02,0.02,0.02,0.02,0.02,0.8956350088119507
img_02687.jpg,0.03946985304355621,0.02,0.02,0.02,0.02,0.02,0.02,0.949047863483429
img_02699.jpg,0.02,0.98,0.02,0.02,0.02,0.02,0.02,0.02
img_02702.jpg,0.17053678631782532,0.07737983018159866,0.035627853125333786,0.02,0.02,0.5423490405082703,0.16292521357536316,0.02
img_02703.jpg,0.02093544229865074,0.951321542263031,0.02,0.02,0.02,0.02,0.02,0.02296033687889576
img_02709.jpg,0.10358457267284393,0.8765433430671692,0.02,0.02,0.02,0.02,0.02,0.02
img_02726.jpg,0.02,0.98,0.02,0.02,0.02,0.02,0.02,0.02
img_02733.jpg,0.02,0.1424299031496048,0.15106050670146942,0.0783139243721962,0.02,0.032629407942295074,0.02,0.5694156289100647
img_02734.jpg,0.06126895174384117,0.5539776682853699,0.02,0.1382930427789688,0.03720426931977272,0.1297483593225479,0.02,0.0709344819188118
img_02739.jpg,0.02,0.9487214088439941,0.02,0.02,0.02,0.02,0.02,0.04354026913642883
img_02749.jpg,0.02,0.4006735384464264,0.39832186698913574,0.02,0.03788522258400917,0.02,0.02,0.1417689174413681
img_02759.jpg,0.02,0.02,0.02,0.02,0.02,0.02,0.02,0.978166937828064
img_02764.jpg,0.10447997599840164,0.6560521125793457,0.02,0.02,0.02,0.02,0.02,0.23767328262329102
img_02766.jpg,0.028590109199285507,0.9658570289611816,0.02,0.02,0.02,0.02,0.02,0.02
img_02769.jpg,0.06919923424720764,0.02,0.02,0.02,0.02,0.02,0.02,0.9272551536560059
img_02771.jpg,0.02,0.9559885263442993,0.02,0.02,0.02,0.02,0.02,0.02
img_02789.jpg,0.98,0.02,0.02,0.02,0.02,0.02,0.02,0.02
img_02799.jpg,0.02,0.98,0.02,0.02,0.02,0.02,0.02,0.02
img_02808.jpg,0.02,0.98,0.02,0.02,0.02,0.02,0.02,0.02
img_02811.jpg,0.0813886970281601,0.9130142331123352,0.02,0.02,0.02,0.02,0.02,0.02
img_02830.jpg,0.0627993568778038,0.4423459470272064,0.04322312772274017,0.02269577607512474,0.02,0.33555227518081665,0.026497799903154373,0.06392935663461685
img_02834.jpg,0.02,0.9589552879333496,0.02,0.02,0.02,0.02,0.02,0.031848710030317307
img_02837.jpg,0.0659228041768074,0.02,0.7870599627494812,0.02,0.02,0.02,0.02,0.13676349818706512
img_02838.jpg,0.02,0.9664126038551331,0.02,0.02,0.02,0.02,0.02,0.02
img_02842.jpg,0.030540402978658676,0.048755403608083725,0.1735948920249939,0.02,0.02,0.5679339170455933,0.13020479679107666,0.04021231085062027
img_02857.jpg,0.98,0.02,0.02,0.02,0.02,0.02,0.02,0.02
img_02865.jpg,0.98,0.02,0.02,0.02,0.02,0.02,0.02,0.02
img_02871.jpg,0.02,0.02649514563381672,0.08162780851125717,0.02,0.02,0.8408785462379456,0.02,0.02
img_02876.jpg,0.02,0.9103798866271973,0.02,0.02,0.02,0.02,0.02,0.06932845711708069
img_02889.jpg,0.02,0.98,0.02,0.02,0.02,0.02,0.02,0.02
img_02890.jpg,0.24239130318164825,0.02,0.02,0.02,0.02,0.7067080736160278,0.020211167633533478,0.02
img_02899.jpg,0.02,0.98,0.02,0.02,0.02,0.02,0.02,0.02
img_02904.jpg,0.02,0.98,0.02,0.02,0.02,0.02,0.02,0.02
img_02911.jpg,0.0410693921148777,0.02,0.02,0.02,0.9451256990432739,0.02,0.02,0.02
img_02916.jpg,0.030601343140006065,0.32755985856056213,0.02,0.02,0.02,0.6319262981414795,0.02,0.02
img_02920.jpg,0.05130286142230034,0.945401668548584,0.02,0.02,0.02,0.02,0.02,0.02
img_02943.jpg,0.02,0.98,0.02,0.02,0.02,0.02,0.02,0.02
img_02949.jpg,0.03187531232833862,0.8626150488853455,0.055878639221191406,0.02,0.02,0.02,0.02,0.027135998010635376
img_02954.jpg,0.98,0.02,0.02,0.02,0.02,0.02,0.02,0.02
img_02956.jpg,0.08167366683483124,0.05352134257555008,0.02,0.02,0.02,0.02,0.020933568477630615,0.8308451175689697
img_02964.jpg,0.06896600872278214,0.02,0.03901976719498634,0.02,0.02,0.02,0.02,0.8804677724838257
img_02974.jpg,0.02,0.98,0.02,0.02,0.02,0.02,0.02,0.02
img_02977.jpg,0.02,0.98,0.02,0.02,0.02,0.02,0.02,0.02
img_02993.jpg,0.04292469844222069,0.02,0.02,0.02,0.02,0.02,0.02,0.955893874168396
img_03014.jpg,0.98,0.02,0.02,0.02,0.02,0.02,0.02,0.02
img_03043.jpg,0.02,0.02,0.02,0.02,0.02,0.02,0.02,0.98
img_03055.jpg,0.07751557230949402,0.9127063751220703,0.02,0.02,0.02,0.02,0.02,0.02
img_03064.jpg,0.03631138056516647,0.9402276277542114,0.02,0.02,0.02,0.02,0.02,0.02
img_03069.jpg,0.02,0.02,0.02,0.02,0.02,0.02,0.02,0.9539700746536255
img_03074.jpg,0.02,0.98,0.02,0.02,0.02,0.02,0.02,0.02
img_03078.jpg,0.04920533299446106,0.9360048174858093,0.02,0.02,0.02,0.02,0.02,0.02
img_03080.jpg,0.40407314896583557,0.5957323312759399,0.02,0.02,0.02,0.02,0.02,0.02
img_03082.jpg,0.05481569841504097,0.9360339045524597,0.02,0.02,0.02,0.02,0.02,0.02
img_03087.jpg,0.98,0.02,0.02,0.02,0.02,0.02,0.02,0.02
img_03116.jpg,0.98,0.02,0.02,0.02,0.02,0.02,0.02,0.02
img_03128.jpg,0.02,0.98,0.02,0.02,0.02,0.02,0.02,0.02
img_03135.jpg,0.06351358443498611,0.02,0.02,0.02,0.02,0.02,0.02,0.9337741732597351
img_03140.jpg,0.03586319461464882,0.8497896790504456,0.02,0.02,0.02,0.02,0.02,0.09859262406826019
img_03166.jpg,0.37374624609947205,0.6200583577156067,0.02,0.02,0.02,0.02,0.02,0.02
img_03169.jpg,0.16193042695522308,0.13359984755516052,0.02,0.02,0.02,0.02,0.02,0.6583818197250366
img_03181.jpg,0.0789085254073143,0.8915749788284302,0.022978870198130608,0.02,0.02,0.02,0.02,0.02
img_03195.jpg,0.06809307634830475,0.8929538726806641,0.02,0.02,0.02,0.02,0.02,0.03552814945578575
img_03199.jpg,0.08474656939506531,0.8635451197624207,0.02,0.02,0.02,0.02,0.02,0.0472576729953289
img_03210.jpg,0.03940661996603012,0.02,0.02,0.02,0.02,0.02,0.02,0.9544762372970581
img_03220.jpg,0.07321079075336456,0.8954941630363464,0.02,0.02,0.02,0.02,0.02,0.02
img_03222.jpg,0.07047651708126068,0.9282787442207336,0.02,0.02,0.02,0.02,0.02,0.02
img_03223.jpg,0.35815736651420593,0.5385017991065979,0.024852478876709938,0.02,0.02,0.02,0.02,0.07673154026269913
img_03228.jpg,0.07820708304643631,0.883232593536377,0.02,0.02,0.02,0.02,0.02,0.028766119852662086
img_03229.jpg,0.18286190927028656,0.3247693181037903,0.02,0.2568540871143341,0.02,0.17873021960258484,0.02,0.032291483134031296
img_03231.jpg,0.98,0.02,0.02,0.02,0.02,0.02,0.02,0.02
img_03238.jpg,0.02,0.98,0.02,0.02,0.02,0.02,0.02,0.02
img_03239.jpg,0.05204710364341736,0.02,0.02,0.02,0.02,0.02,0.9198775291442871,0.02
img_03252.jpg,0.13334746658802032,0.8628903031349182,0.02,0.02,0.02,0.02,0.02,0.02
img_03254.jpg,0.05253058671951294,0.02,0.05318284034729004,0.02,0.02,0.8047855496406555,0.06583169102668762,0.02
img_03260.jpg,0.030732113867998123,0.9629257917404175,0.02,0.02,0.02,0.02,0.02,0.02
img_03261.jpg,0.050599370151758194,0.928468644618988,0.02,0.02,0.02,0.02,0.02,0.02
img_03270.jpg,0.02,0.02,0.02,0.02,0.02,0.02,0.02,0.98
img_03283.jpg,0.02,0.02,0.02,0.02,0.02,0.02,0.02,0.98
img_03290.jpg,0.02,0.02,0.02,0.02,0.02,0.02,0.02,0.98
img_03297.jpg,0.039771344512701035,0.4171174466609955,0.02,0.027643905952572823,0.02,0.02,0.02,0.5023216605186462
img_03310.jpg,0.02,0.98,0.02,0.02,0.02,0.02,0.02,0.02
img_03312.jpg,0.092339888215065,0.7893953323364258,0.02,0.02,0.02,0.02,0.02,0.1113036498427391
img_03324.jpg,0.14350773394107819,0.02,0.02,0.02,0.02,0.02,0.02,0.8558993935585022
img_03333.jpg,0.02,0.98,0.02,0.02,0.02,0.02,0.02,0.02
img_03342.jpg,0.02,0.879496693611145,0.02,0.02,0.02,0.02,0.02,0.09942284226417542
img_03346.jpg,0.10079650580883026,0.8806679844856262,0.02,0.02,0.02,0.02,0.02,0.02
img_03355.jpg,0.02,0.98,0.02,0.02,0.02,0.02,0.02,0.02
img_03361.jpg,0.02,0.8773031234741211,0.025084055960178375,0.02,0.02,0.044625453650951385,0.02,0.024746112525463104
img_03370.jpg,0.05861222743988037,0.9305270910263062,0.02,0.02,0.02,0.02,0.02,0.02
img_03399.jpg,0.053749628365039825,0.02,0.02,0.02,0.02,0.9353464245796204,0.02,0.02
img_03410.jpg,0.02,0.98,0.02,0.02,0.02,0.02,0.02,0.02
img_03422.jpg,0.0474281907081604,0.9159873127937317,0.02071281149983406,0.02,0.02,0.02,0.02,0.02
img_03426.jpg,0.02,0.98,0.02,0.02,0.02,0.02,0.02,0.02
img_03439.jpg,0.02,0.4985567331314087,0.32066085934638977,0.02,0.032991256564855576,0.02,0.02,0.12908458709716797
img_03440.jpg,0.02,0.02,0.02,0.02,0.02,0.02,0.02,0.98
img_03444.jpg,0.02,0.98,0.02,0.02,0.02,0.02,0.02,0.02
img_03445.jpg,0.9436436295509338,0.04712695628404617,0.02,0.02,0.02,0.02,0.02,0.02
img_03446.jpg,0.02,0.02,0.02,0.98,0.02,0.02,0.02,0.02
img_03452.jpg,0.02,0.021744942292571068,0.8721842765808105,0.02,0.02,0.02,0.02,0.09254036098718643
img_03454.jpg,0.048682667315006256,0.04256737232208252,0.02,0.02,0.02,0.02,0.02,0.8773784041404724
img_03456.jpg,0.98,0.02,0.02,0.02,0.02,0.02,0.02,0.02
img_03457.jpg,0.02,0.9345986843109131,0.02,0.02,0.02,0.04431646689772606,0.02,0.02
img_03471.jpg,0.0820184275507927,0.5829719305038452,0.02,0.02,0.3284408748149872,0.02,0.02,0.02
img_03475.jpg,0.98,0.02,0.02,0.02,0.02,0.02,0.02,0.02
img_03488.jpg,0.035685617476701736,0.958275556564331,0.02,0.02,0.02,0.02,0.02,0.02
img_03490.jpg,0.1670902669429779,0.6375285983085632,0.10191238671541214,0.020174536854028702,0.02,0.02,0.02,0.051994677633047104
img_03502.jpg,0.02,0.8229803442955017,0.02,0.02,0.02,0.027117587625980377,0.06807079911231995,0.06738829612731934
img_03504.jpg,0.05778886377811432,0.9204156398773193,0.02,0.02,0.02,0.02,0.02,0.02
img_03520.jpg,0.02,0.98,0.02,0.02,0.02,0.02,0.02,0.02
img_03527.jpg,0.021535197272896767,0.06882506608963013,0.02,0.02,0.02,0.02,0.02,0.8838511109352112
img_03547.jpg,0.06328102201223373,0.9219268560409546,0.02,0.02,0.02,0.02,0.02,0.02
img_03548.jpg,0.10978242754936218,0.020756695419549942,0.02,0.02,0.02,0.02,0.7134097814559937,0.13110631704330444
img_03554.jpg,0.062469612807035446,0.930807888507843,0.02,0.02,0.02,0.02,0.02,0.02
img_03563.jpg,0.06283204257488251,0.9195855855941772,0.02,0.02,0.02,0.02,0.02,0.02
img_03581.jpg,0.037421341985464096,0.7146759629249573,0.1544046550989151,0.02,0.02,0.02,0.02,0.07335061579942703
img_03584.jpg,0.04896104335784912,0.02,0.02,0.02,0.02,0.02,0.02,0.9508994817733765
img_03587.jpg,0.02,0.02,0.02,0.02,0.02,0.02,0.02,0.98
img_03588.jpg,0.02,0.9435492753982544,0.02,0.02,0.02,0.02,0.02,0.029199087992310524
img_03602.jpg,0.02,0.07694410532712936,0.08073264360427856,0.02,0.02,0.7537661790847778,0.06312254071235657,0.02
img_03627.jpg,0.12408985942602158,0.8728898167610168,0.02,0.02,0.02,0.02,0.02,0.02
img_03628.jpg,0.02,0.974977970123291,0.02,0.02,0.02,0.02,0.02,0.02141508273780346
img_03652.jpg,0.020614204928278923,0.7914286851882935,0.02,0.02,0.02,0.02,0.02,0.18516089022159576
img_03670.jpg,0.15111149847507477,0.6620042324066162,0.02,0.02,0.02,0.02,0.02,0.1815555989742279
img_03674.jpg,0.2738613486289978,0.15002937614917755,0.02,0.02,0.02,0.02,0.02,0.530780017375946
img_03677.jpg,0.02,0.9444145560264587,0.023921377956867218,0.02,0.02,0.023420773446559906,0.02,0.02
img_03711.jpg,0.02,0.98,0.02,0.02,0.02,0.02,0.02,0.02
img_03715.jpg,0.058002639561891556,0.02,0.02,0.02,0.8300415277481079,0.02,0.02,0.06411222368478775
img_03718.jpg,0.04479668289422989,0.3080350458621979,0.02,0.02,0.02,0.02,0.02,0.6424850821495056
img_03726.jpg,0.043090563267469406,0.02,0.21741598844528198,0.02,0.6099442839622498,0.02341671846807003,0.02,0.0907914936542511
img_03739.jpg,0.09371472895145416,0.02,0.02,0.02,0.02,0.02,0.02,0.9046540260314941
img_03749.jpg,0.02,0.02,0.02,0.02,0.02,0.02,0.02,0.98
img_03750.jpg,0.02,0.02,0.02,0.02,0.02,0.02,0.02,0.9716710448265076
img_03760.jpg,0.02,0.02,0.02,0.02,0.02,0.02,0.02,0.98
img_03764.jpg,0.03829793259501457,0.6601843237876892,0.02,0.02,0.02,0.02,0.02,0.28064557909965515
img_03776.jpg,0.16650272905826569,0.5963378548622131,0.02,0.02,0.02,0.02,0.05262100324034691,0.13974182307720184
img_03801.jpg,0.02,0.98,0.02,0.02,0.02,0.02,0.02,0.02
img_03805.jpg,0.05062318965792656,0.9297155141830444,0.02,0.02,0.02,0.02,0.02,0.02
img_03809.jpg,0.267294704914093,0.02,0.02,0.021921051666140556,0.02,0.15268506109714508,0.524397611618042,0.020396411418914795
img_03825.jpg,0.02,0.98,0.02,0.02,0.02,0.02,0.02,0.02
img_03831.jpg,0.1129070520401001,0.02,0.02,0.02,0.02,0.02,0.02,0.885676383972168
img_03837.jpg,0.034621864557266235,0.9076317548751831,0.02,0.02,0.02,0.027426591143012047,0.02,0.02563484199345112
img_03847.jpg,0.0740392729640007,0.9212257266044617,0.02,0.02,0.02,0.02,0.02,0.02
img_03853.jpg,0.02,0.98,0.02,0.02,0.02,0.02,0.02,0.02
img_03866.jpg,0.02,0.9739956855773926,0.02,0.02,0.02,0.02,0.02,0.02
img_03867.jpg,0.9758427739143372,0.023420559242367744,0.02,0.02,0.02,0.02,0.02,0.02
img_03869.jpg,0.03520258516073227,0.9599689245223999,0.02,0.02,0.02,0.02,0.02,0.02
img_03871.jpg,0.02,0.9610136151313782,0.02,0.02,0.02,0.02,0.02,0.02
img_03886.jpg,0.02,0.98,0.02,0.02,0.02,0.02,0.02,0.02
img_03891.jpg,0.026299575343728065,0.9616462588310242,0.02,0.02,0.02,0.02,0.02,0.02
img_03892.jpg,0.02385600283741951,0.07201438397169113,0.05238575488328934,0.02,0.02,0.036737509071826935,0.04052530229091644,0.7593404650688171
img_03896.jpg,0.02,0.9516475796699524,0.031839899718761444,0.02,0.02,0.02,0.02,0.02
img_03923.jpg,0.98,0.02,0.02,0.02,0.02,0.02,0.02,0.02
img_03924.jpg,0.98,0.02,0.02,0.02,0.02,0.02,0.02,0.02
img_03928.jpg,0.060422662645578384,0.022365720942616463,0.02,0.02,0.02,0.04622568190097809,0.8017218112945557,0.05856586992740631
img_03929.jpg,0.024358410388231277,0.037444744259119034,0.2895408272743225,0.02,0.46476244926452637,0.1375901997089386,0.02,0.035616591572761536
img_03931.jpg,0.48531267046928406,0.511674165725708,0.02,0.02,0.02,0.02,0.02,0.02
img_03935.jpg,0.98,0.02,0.02,0.02,0.02,0.02,0.02,0.02
img_03941.jpg,0.20992058515548706,0.20763908326625824,0.025502992793917656,0.028689296916127205,0.02,0.02,0.02,0.49531012773513794
img_03942.jpg,0.02,0.98,0.02,0.02,0.02,0.02,0.02,0.02
img_03943.jpg,0.02,0.98,0.02,0.02,0.02,0.02,0.02,0.02
img_03945.jpg,0.02,0.02,0.07839804142713547,0.02,0.02,0.8823877573013306,0.02,0.02
img_03946.jpg,0.02,0.03510051220655441,0.20862546563148499,0.02,0.6401668787002563,0.04260789602994919,0.02,0.051831673830747604
img_03952.jpg,0.02,0.98,0.02,0.02,0.02,0.02,0.02,0.02
img_03967.jpg,0.029012367129325867,0.8897972702980042,0.02,0.02,0.02,0.02,0.02,0.06579272449016571
img_03974.jpg,0.02,0.98,0.02,0.02,0.02,0.02,0.02,0.02
img_03992.jpg,0.03361077979207039,0.02,0.7330813407897949,0.02,0.02,0.02,0.02,0.2210148274898529
img_03995.jpg,0.02,0.02,0.02,0.02,0.02,0.02,0.02,0.98
img_03996.jpg,0.02,0.9114211797714233,0.04182994365692139,0.02,0.02,0.02,0.02,0.022608745843172073
img_04001.jpg,0.07516442984342575,0.9173474907875061,0.02,0.02,0.02,0.02,0.02,0.02
img_04002.jpg,0.10224587470293045,0.7816641926765442,0.02,0.02,0.02,0.11230850964784622,0.02,0.02
img_04003.jpg,0.026456860825419426,0.906207799911499,0.02,0.02,0.02,0.02,0.02,0.06347798556089401
img_04004.jpg,0.06223547086119652,0.9217627644538879,0.02,0.02,0.02,0.02,0.02,0.02
img_04013.jpg,0.30839988589286804,0.02,0.17371882498264313,0.02,0.4127751886844635,0.02431333251297474,0.02,0.06008429825305939
img_04015.jpg,0.02,0.98,0.02,0.02,0.02,0.02,0.02,0.02
img_04024.jpg,0.07162639498710632,0.9260988831520081,0.02,0.02,0.02,0.02,0.02,0.02
img_04036.jpg,0.02,0.6753077507019043,0.02,0.02,0.02,0.02,0.02,0.303272545337677
img_04037.jpg,0.11038460582494736,0.8695386052131653,0.02,0.02,0.02,0.02,0.02,0.02
img_04044.jpg,0.98,0.02,0.02,0.02,0.02,0.02,0.02,0.02
img_04061.jpg,0.05749565362930298,0.8670656681060791,0.02,0.02,0.02,0.02,0.02,0.07244398444890976
img_04069.jpg,0.23057213425636292,0.02,0.02,0.02,0.02,0.7506232261657715,0.02,0.02
img_04073.jpg,0.02,0.9519027471542358,0.03856766223907471,0.02,0.02,0.02,0.02,0.02
img_04076.jpg,0.02,0.98,0.02,0.02,0.02,0.02,0.02,0.02
img_04101.jpg,0.14298488199710846,0.02,0.02,0.02,0.02,0.8504064083099365,0.02,0.02
img_04115.jpg,0.02,0.9148918986320496,0.02,0.02,0.02,0.02,0.02,0.07954879850149155
img_04118.jpg,0.0979386568069458,0.873340904712677,0.02,0.02,0.02,0.02,0.02,0.02
img_04126.jpg,0.12213677167892456,0.8697448372840881,0.02,0.02,0.02,0.02,0.02,0.02
img_04127.jpg,0.10686396807432175,0.7991715669631958,0.02,0.02,0.02,0.07797732949256897,0.02,0.02
img_04128.jpg,0.02,0.8502291440963745,0.06191518157720566,0.02,0.02,0.02,0.02,0.0733405128121376
img_04129.jpg,0.08114732056856155,0.9112951755523682,0.02,0.02,0.02,0.02,0.02,0.02
img_04130.jpg,0.1032087653875351,0.770278811454773,0.02,0.02,0.02,0.02,0.02,0.11655690521001816
img_04136.jpg,0.8779858946800232,0.10652898997068405,0.02,0.02,0.02,0.02,0.02,0.02
img_04138.jpg,0.8383281826972961,0.16135890781879425,0.02,0.02,0.02,0.02,0.02,0.02
img_04145.jpg,0.059292033314704895,0.93503737449646,0.02,0.02,0.02,0.02,0.02,0.02
img_04156.jpg,0.07150908559560776,0.6282208561897278,0.02,0.02,0.02,0.26701244711875916,0.02,0.03078525699675083
img_04181.jpg,0.028765182942152023,0.9466590881347656,0.02,0.02,0.02,0.02,0.02,0.02
img_04183.jpg,0.587794840335846,0.3500550389289856,0.02,0.02,0.02,0.02,0.02,0.03604252636432648
img_04204.jpg,0.02,0.02,0.02,0.02,0.02,0.02,0.02,0.98
img_04221.jpg,0.06788049638271332,0.9295576810836792,0.02,0.02,0.02,0.02,0.02,0.02
img_04233.jpg,0.98,0.02,0.02,0.02,0.02,0.02,0.02,0.02
img_04237.jpg,0.02,0.22587811946868896,0.5539769530296326,0.02,0.02,0.17441175878047943,0.02,0.02
img_04240.jpg,0.02,0.9276196360588074,0.02,0.02,0.02,0.02,0.022672316059470177,0.026141121983528137
img_04247.jpg,0.02,0.02,0.02,0.02,0.02,0.02,0.02,0.98
img_04250.jpg,0.98,0.02,0.02,0.02,0.02,0.02,0.02,0.02
img_04257.jpg,0.296234667301178,0.4904356300830841,0.02,0.02,0.02,0.10387784987688065,0.023871613666415215,0.0677928701043129
img_04261.jpg,0.02,0.9695450067520142,0.02,0.02,0.02,0.02,0.02,0.02
img_04263.jpg,0.0739622712135315,0.9194414019584656,0.02,0.02,0.02,0.02,0.02,0.02
img_04266.jpg,0.025016162544488907,0.02,0.09800807386636734,0.02962748520076275,0.02,0.0443144217133522,0.03615634888410568,0.7559826970100403
img_04268.jpg,0.02,0.98,0.02,0.02,0.02,0.02,0.02,0.02
img_04271.jpg,0.98,0.02,0.02,0.02,0.02,0.02,0.02,0.02
img_04272.jpg,0.0871933102607727,0.8954268097877502,0.02,0.02,0.02,0.02,0.02,0.02
img_04282.jpg,0.04153724014759064,0.6991357803344727,0.03511684760451317,0.02,0.02,0.1161058321595192,0.02,0.08262937515974045
img_04285.jpg,0.02,0.4688900113105774,0.02,0.02,0.02,0.02,0.02,0.5081546902656555
img_04306.jpg,0.10704135149717331,0.8852673172950745,0.02,0.02,0.02,0.02,0.02,0.02
img_04310.jpg,0.0713966116309166,0.9196357727050781,0.02,0.02,0.02,0.02,0.02,0.02
img_04321.jpg,0.02,0.8670684695243835,0.02,0.02,0.02,0.02,0.02,0.1165817379951477
img_04323.jpg,0.98,0.02,0.02,0.02,0.02,0.02,0.02,0.02
img_04324.jpg,0.02,0.508714497089386,0.07154834270477295,0.02,0.02,0.027731183916330338,0.02,0.37562689185142517
img_04341.jpg,0.02,0.98,0.02,0.02,0.02,0.02,0.02,0.02
img_04369.jpg,0.05518070608377457,0.8681994676589966,0.02,0.02,0.02,0.0559200718998909,0.02,0.02
img_04370.jpg,0.023723330348730087,0.8854128122329712,0.042858000844717026,0.02,0.02,0.02,0.02,0.03190139681100845
img_04375.jpg,0.858555793762207,0.02,0.02,0.05383085831999779,0.02,0.04770153760910034,0.02,0.02
img_04382.jpg,0.06424704194068909,0.02,0.02,0.02,0.02,0.02,0.02,0.9336466789245605
img_04386.jpg,0.04609564319252968,0.026810500770807266,0.02,0.09611315280199051,0.02,0.020764579996466637,0.02172859013080597,0.7833993434906006
img_04390.jpg,0.02,0.02,0.02,0.02,0.02,0.02,0.02,0.98
img_04405.jpg,0.06247071176767349,0.8429688215255737,0.02,0.02,0.02,0.02,0.02,0.09013799577951431
img_04408.jpg,0.12468880414962769,0.8614979982376099,0.02,0.02,0.02,0.02,0.02,0.02
img_04410.jpg,0.02,0.98,0.02,0.02,0.02,0.02,0.02,0.02
img_04415.jpg,0.02,0.02,0.02,0.02,0.02,0.02,0.02,0.98
img_04419.jpg,0.4301372766494751,0.5256889462471008,0.02,0.02,0.02,0.02,0.02,0.029586058109998703
img_04422.jpg,0.02,0.98,0.02,0.02,0.02,0.02,0.02,0.02
img_04423.jpg,0.12358374893665314,0.6950575113296509,0.02,0.02,0.02,0.02,0.05486469343304634,0.0914909690618515
img_04425.jpg,0.027877938002347946,0.7411425113677979,0.02,0.02,0.02,0.02,0.02,0.2192482203245163
img_04427.jpg,0.10693693161010742,0.8824368119239807,0.02,0.02,0.02,0.02,0.02,0.02
img_04432.jpg,0.02,0.98,0.02,0.02,0.02,0.02,0.02,0.02
img_04453.jpg,0.98,0.02,0.02,0.02,0.02,0.02,0.02,0.02
img_04461.jpg,0.02,0.98,0.02,0.02,0.02,0.02,0.02,0.02
img_04476.jpg,0.02,0.02,0.02,0.02,0.02,0.02,0.8215488195419312,0.16105574369430542
img_04478.jpg,0.06772162020206451,0.9009860157966614,0.025049831718206406,0.02,0.02,0.02,0.02,0.02
img_04479.jpg,0.02,0.8833268880844116,0.02,0.02,0.02,0.09510378539562225,0.02,0.02
img_04482.jpg,0.02974427491426468,0.9524995684623718,0.02,0.02,0.02,0.02,0.02,0.02
img_04496.jpg,0.043378815054893494,0.9278042912483215,0.02,0.02,0.02,0.02,0.02,0.020862257108092308
img_04503.jpg,0.6551479697227478,0.3431466519832611,0.02,0.02,0.02,0.02,0.02,0.02
img_04507.jpg,0.1219608262181282,0.02,0.02,0.02,0.02,0.02,0.02,0.8740407824516296
img_04511.jpg,0.02122422307729721,0.02,0.02,0.02,0.02,0.9317242503166199,0.03544420003890991,0.02
img_04520.jpg,0.11221016943454742,0.8450294137001038,0.02,0.02,0.02,0.02,0.02,0.02
img_04532.jpg,0.02,0.02,0.02,0.02,0.02,0.9776550531387329,0.02,0.02
img_04546.jpg,0.08172500878572464,0.02,0.02,0.02,0.02,0.02,0.02,0.9137312769889832
img_04554.jpg,0.0491170808672905,0.09740140289068222,0.8267521262168884,0.02,0.02,0.02464912459254265,0.02,0.02
img_04559.jpg,0.2291138917207718,0.02,0.02,0.024898312985897064,0.02,0.02,0.02,0.7291585803031921
img_04562.jpg,0.09947627782821655,0.02,0.02,0.02,0.02,0.02,0.02,0.8991163372993469
img_04563.jpg,0.02,0.98,0.02,0.02,0.02,0.02,0.02,0.02
img_04585.jpg,0.974022388458252,0.02,0.02,0.022777969017624855,0.02,0.02,0.02,0.02
img_04586.jpg,0.0671200230717659,0.9207432866096497,0.02,0.02,0.02,0.02,0.02,0.02
img_04603.jpg,0.7520132064819336,0.21334853768348694,0.02,0.02,0.02,0.02,0.02,0.025292757898569107
img_04624.jpg,0.07438052445650101,0.02,0.02,0.02,0.02,0.873698890209198,0.02,0.02
img_04629.jpg,0.02,0.98,0.02,0.02,0.02,0.02,0.02,0.02
img_04640.jpg,0.09811394661664963,0.8589181303977966,0.02,0.02,0.02,0.02,0.02,0.0297183096408844
img_04642.jpg,0.8592991232872009,0.02,0.02,0.02,0.02,0.02,0.02,0.13715828955173492
img_04647.jpg,0.02,0.98,0.02,0.02,0.02,0.02,0.02,0.02
img_04657.jpg,0.034590672701597214,0.02,0.02,0.8617193698883057,0.02,0.10321169346570969,0.02,0.02
img_04661.jpg,0.08567594736814499,0.8966339230537415,0.02,0.02,0.02,0.02,0.02,0.02
img_04671.jpg,0.06797267496585846,0.9275425672531128,0.02,0.02,0.02,0.02,0.02,0.02
img_04675.jpg,0.02,0.02,0.02,0.98,0.02,0.02,0.02,0.02
img_04696.jpg,0.08417438715696335,0.9092634916305542,0.02,0.02,0.02,0.02,0.02,0.02
img_04705.jpg,0.02,0.02,0.02,0.02,0.02,0.02,0.02,0.98
img_04712.jpg,0.0341346301138401,0.02,0.02,0.9601463675498962,0.02,0.02,0.02,0.02
img_04719.jpg,0.9183147549629211,0.02,0.02,0.02,0.02,0.02,0.04773295298218727,0.02
img_04723.jpg,0.02,0.02,0.02,0.02,0.02,0.02,0.02,0.98
img_04726.jpg,0.98,0.02,0.02,0.02,0.02,0.02,0.02,0.02
img_04740.jpg,0.032377563416957855,0.8525775074958801,0.02,0.02,0.02,0.09374943375587463,0.02,0.02
img_04750.jpg,0.8334069848060608,0.15196768939495087,0.02,0.02,0.02,0.02,0.02,0.02
img_04752.jpg,0.02769920416176319,0.02,0.02,0.02,0.9373956918716431,0.02,0.02,0.029459649696946144
img_04757.jpg,0.02,0.98,0.02,0.02,0.02,0.02,0.02,0.02
img_04766.jpg,0.04943148419260979,0.9221658706665039,0.02,0.02,0.02,0.02,0.02,0.02514253929257393
img_04795.jpg,0.15590865910053253,0.0892459824681282,0.02,0.14907658100128174,0.02,0.05125505104660988,0.3894018232822418,0.16143310070037842
img_04811.jpg,0.05185587704181671,0.7361496090888977,0.02,0.02,0.02,0.11530663073062897,0.02,0.06508133560419083
img_04814.jpg,0.98,0.02,0.02,0.02,0.02,0.02,0.02,0.02
img_04830.jpg,0.04169577732682228,0.02,0.02,0.02,0.02,0.02,0.02,0.9427950382232666
img_04835.jpg,0.024413973093032837,0.11735406517982483,0.5233465433120728,0.02,0.02,0.02,0.02,0.30194637179374695
img_04856.jpg,0.046012382954359055,0.9514178037643433,0.02,0.02,0.02,0.02,0.02,0.02
img_04860.jpg,0.02,0.98,0.02,0.02,0.02,0.02,0.02,0.02
img_04870.jpg,0.02,0.98,0.02,0.02,0.02,0.02,0.02,0.02
img_04872.jpg,0.10400155186653137,0.880611002445221,0.02,0.02,0.02,0.02,0.02,0.02
img_04879.jpg,0.06950759887695312,0.9020450711250305,0.02,0.02,0.02,0.024732304736971855,0.02,0.02
img_04885.jpg,0.05078643932938576,0.02,0.2513662874698639,0.02,0.44480547308921814,0.15622298419475555,0.02,0.06319556385278702
img_04888.jpg,0.02,0.8806430101394653,0.02,0.02,0.02,0.02,0.02,0.10512927174568176
img_04921.jpg,0.05391458421945572,0.9009649157524109,0.02,0.02,0.02,0.03753148019313812,0.02,0.02
img_04949.jpg,0.02508632466197014,0.02,0.02,0.02,0.02,0.02,0.9286459684371948,0.03745095804333687
img_04959.jpg,0.02,0.98,0.02,0.02,0.02,0.02,0.02,0.02
img_04962.jpg,0.05757298320531845,0.02,0.02,0.02,0.02,0.02,0.02,0.941618800163269
img_04975.jpg,0.07051900774240494,0.02,0.02,0.02,0.02,0.02,0.02,0.9242271184921265
img_04990.jpg,0.035141993314027786,0.9596951603889465,0.02,0.02,0.02,0.02,0.02,0.02
img_04991.jpg,0.02,0.02,0.02,0.02,0.02,0.7423875331878662,0.23025788366794586,0.02
img_05015.jpg,0.08265495300292969,0.02,0.02,0.02,0.8830048441886902,0.02,0.02,0.02386767975986004
img_05016.jpg,0.07291703671216965,0.8233608603477478,0.02,0.02,0.02,0.08045431971549988,0.02,0.02
img_05021.jpg,0.98,0.02,0.02,0.02,0.02,0.02,0.02,0.02
img_05026.jpg,0.02,0.9270281195640564,0.02,0.02,0.02,0.02,0.02,0.046100128442049026
img_05030.jpg,0.0742756575345993,0.6529921889305115,0.023513564839959145,0.02,0.02,0.15898777544498444,0.02,0.06224076822400093
img_05038.jpg,0.03925180062651634,0.9561769366264343,0.02,0.02,0.02,0.02,0.02,0.02
img_05046.jpg,0.047748565673828125,0.9500080943107605,0.02,0.02,0.02,0.02,0.02,0.02
img_05055.jpg,0.02,0.98,0.02,0.02,0.02,0.02,0.02,0.02
img_05059.jpg,0.98,0.02,0.02,0.02,0.02,0.02,0.02,0.02
img_05064.jpg,0.06637772917747498,0.9293866753578186,0.02,0.02,0.02,0.02,0.02,0.02
img_05068.jpg,0.0715583935379982,0.7208975553512573,0.021212399005889893,0.02371158078312874,0.02,0.02,0.02,0.13423508405685425
img_05074.jpg,0.8515411019325256,0.12567058205604553,0.02,0.02,0.02,0.02,0.02,0.02
img_05076.jpg,0.05464639887213707,0.02,0.02,0.02,0.02,0.02,0.02,0.9404000043869019
img_05078.jpg,0.02,0.02,0.02,0.98,0.02,0.02,0.02,0.02
img_05084.jpg,0.02,0.98,0.02,0.02,0.02,0.02,0.02,0.02
img_05085.jpg,0.9551758170127869,0.02,0.02,0.02,0.02,0.02,0.02,0.043255750089883804
img_05087.jpg,0.02,0.98,0.02,0.02,0.02,0.02,0.02,0.02
img_05095.jpg,0.06170584633946419,0.9201303124427795,0.02,0.02,0.02,0.02,0.02,0.02
img_05119.jpg,0.05395631492137909,0.664524495601654,0.10765539854764938,0.02,0.02,0.02,0.02,0.17110899090766907
img_05137.jpg,0.02,0.98,0.02,0.02,0.02,0.02,0.02,0.02
img_05139.jpg,0.98,0.02,0.02,0.02,0.02,0.02,0.02,0.02
img_05147.jpg,0.07200203835964203,0.02,0.02,0.02,0.8918527364730835,0.02,0.02,0.02638707309961319
img_05156.jpg,0.9768742918968201,0.02080254815518856,0.02,0.02,0.02,0.02,0.02,0.02
img_05185.jpg,0.02,0.8904173970222473,0.02,0.02,0.02,0.02,0.02,0.09192933142185211
img_05186.jpg,0.02,0.11715474724769592,0.02,0.02,0.02,0.02,0.02,0.8718694448471069
img_05192.jpg,0.02,0.02,0.02,0.02,0.02,0.02,0.02,0.98
img_05196.jpg,0.98,0.02,0.02,0.02,0.02,0.02,0.02,0.02
img_05209.jpg,0.02,0.98,0.02,0.02,0.02,0.02,0.02,0.02
img_05210.jpg,0.02,0.02,0.02,0.02,0.02,0.02,0.02,0.98
img_05211.jpg,0.0489618182182312,0.9490043520927429,0.02,0.02,0.02,0.02,0.02,0.02
img_05222.jpg,0.98,0.02,0.02,0.02,0.02,0.02,0.02,0.02
img_05236.jpg,0.02,0.7209848165512085,0.02,0.02,0.02,0.11260031163692474,0.09845620393753052,0.04733385890722275
img_05241.jpg,0.19351191818714142,0.02,0.02,0.02,0.02,0.7896097302436829,0.02,0.02
img_05244.jpg,0.05774061009287834,0.90306556224823,0.029148075729608536,0.02,0.02,0.02,0.02,0.02
img_05251.jpg,0.14335957169532776,0.2698422074317932,0.021039500832557678,0.034398749470710754,0.02,0.4630904793739319,0.025676678866147995,0.039464276283979416
img_05253.jpg,0.05379483103752136,0.02,0.02,0.02,0.02,0.02,0.02,0.9453068971633911
img_05260.jpg,0.04028703272342682,0.8987646698951721,0.02,0.02,0.02,0.02,0.02,0.047630228102207184
img_05264.jpg,0.11241956055164337,0.02,0.02,0.7812725901603699,0.02,0.02,0.02,0.1025763675570488
img_05268.jpg,0.02,0.7868143916130066,0.02,0.02,0.02,0.02,0.02,0.19028177857398987
img_05269.jpg,0.0638255625963211,0.8611039519309998,0.02,0.02361501194536686,0.02,0.02,0.02,0.035118717700242996
img_05273.jpg,0.0686088278889656,0.7913427352905273,0.02,0.02,0.02,0.12907825410366058,0.02,0.02
img_05276.jpg,0.98,0.02,0.02,0.02,0.02,0.02,0.02,0.02
img_05284.jpg,0.02,0.98,0.02,0.02,0.02,0.02,0.02,0.02
img_05292.jpg,0.1203039214015007,0.02,0.02,0.02,0.02,0.02,0.02,0.863670289516449
img_05293.jpg,0.02,0.1906030923128128,0.582194447517395,0.02,0.02,0.02,0.02,0.21162661910057068
img_05322.jpg,0.1124952957034111,0.07011696696281433,0.04049822688102722,0.02,0.02,0.02,0.02,0.7757132649421692
img_05328.jpg,0.02,0.9663841724395752,0.02,0.02,0.02,0.02,0.02,0.02
img_05336.jpg,0.04439029097557068,0.9437299966812134,0.02,0.02,0.02,0.02,0.02,0.02
img_05341.jpg,0.05756549537181854,0.8927249908447266,0.028183944523334503,0.02,0.02,0.02,0.02,0.02
img_05349.jpg,0.02,0.9032925963401794,0.02,0.02120351605117321,0.02,0.02,0.02,0.03437897190451622
img_05359.jpg,0.02,0.6157040596008301,0.02,0.02,0.02,0.02,0.02,0.34703198075294495
img_05378.jpg,0.027070116251707077,0.9641353487968445,0.02,0.02,0.02,0.02,0.02,0.02
img_05393.jpg,0.02,0.02,0.02,0.02,0.02,0.02,0.9616256952285767,0.027208317071199417
img_05410.jpg,0.05522673949599266,0.02,0.02,0.02,0.02,0.02,0.02,0.9433251023292542
img_05426.jpg,0.04975370317697525,0.02,0.02,0.02,0.9140185117721558,0.02,0.02,0.024014921858906746
img_05433.jpg,0.02,0.98,0.02,0.02,0.02,0.02,0.02,0.02
img_05434.jpg,0.9503979086875916,0.04591303691267967,0.02,0.02,0.02,0.02,0.02,0.02
img_05438.jpg,0.02,0.02,0.02,0.02,0.02,0.98,0.02,0.02
img_05439.jpg,0.02,0.98,0.02,0.02,0.02,0.02,0.02,0.02
img_05440.jpg,0.02,0.9603544473648071,0.02,0.02,0.02,0.02,0.02,0.028164848685264587
img_05445.jpg,0.03184005990624428,0.9605273008346558,0.02,0.02,0.02,0.02,0.02,0.02
img_05454.jpg,0.8716731071472168,0.02,0.02,0.02,0.02,0.02,0.02,0.12416733056306839
img_05459.jpg,0.02,0.5319892168045044,0.05941697210073471,0.02,0.02,0.36509397625923157,0.02,0.02
img_05463.jpg,0.04989966005086899,0.02,0.02,0.02,0.02,0.02,0.02,0.9465746283531189
img_05471.jpg,0.0425715446472168,0.890279233455658,0.02,0.02,0.02,0.05459962040185928,0.02,0.02
img_05475.jpg,0.98,0.02,0.02,0.02,0.02,0.02,0.02,0.02
img_05479.jpg,0.02,0.98,0.02,0.02,0.02,0.02,0.02,0.02
img_05488.jpg,0.08296122401952744,0.9065722823143005,0.02,0.02,0.02,0.02,0.02,0.02
img_05489.jpg,0.07739012688398361,0.8985028862953186,0.02,0.02,0.02,0.02,0.02,0.02
img_05492.jpg,0.02,0.02,0.02,0.02,0.02,0.02,0.02,0.98
img_05508.jpg,0.052671872079372406,0.04158594459295273,0.02,0.02,0.02,0.02,0.02,0.9052377939224243
img_05516.jpg,0.02,0.98,0.02,0.02,0.02,0.02,0.02,0.02
img_05520.jpg,0.041452113538980484,0.09773721545934677,0.12989653646945953,0.02,0.02,0.6781601905822754,0.04030627757310867,0.02
img_05525.jpg,0.08848697692155838,0.873308002948761,0.02,0.02,0.02,0.02,0.02,0.02566593885421753
img_05539.jpg,0.19393187761306763,0.02,0.02,0.02,0.02,0.7856305837631226,0.02,0.02
img_05548.jpg,0.0962536633014679,0.8888720870018005,0.02,0.02,0.02,0.02,0.02,0.02
img_05558.jpg,0.02,0.9706271290779114,0.02,0.02,0.02,0.02,0.02,0.02
img_05563.jpg,0.02,0.9558249115943909,0.027316970750689507,0.02,0.02,0.02,0.02,0.02
img_05568.jpg,0.09125799685716629,0.9035246968269348,0.02,0.02,0.02,0.02,0.02,0.02
img_05572.jpg,0.15453937649726868,0.8408408761024475,0.02,0.02,0.02,0.02,0.02,0.02
img_05580.jpg,0.026415230706334114,0.9566065669059753,0.02,0.02,0.02,0.02,0.02,0.02
img_05584.jpg,0.02,0.98,0.02,0.02,0.02,0.02,0.02,0.02
img_05587.jpg,0.04895360395312309,0.11710602790117264,0.03617788851261139,0.04720935970544815,0.02,0.03858253359794617,0.02,0.6857436299324036
img_05595.jpg,0.02,0.9578129649162292,0.02,0.02,0.02,0.02,0.02,0.027615807950496674
img_05603.jpg,0.02,0.9415677189826965,0.02,0.02,0.02,0.02,0.02,0.023280387744307518
img_05612.jpg,0.021366583183407784,0.964510440826416,0.02,0.02,0.02,0.02,0.02,0.02
img_05613.jpg,0.0625501424074173,0.02,0.02,0.02,0.02,0.02,0.02,0.935962438583374
img_05615.jpg,0.12699726223945618,0.8673856854438782,0.02,0.02,0.02,0.02,0.02,0.02
img_05623.jpg,0.02,0.98,0.02,0.02,0.02,0.02,0.02,0.02
img_05640.jpg,0.02,0.9616832137107849,0.02,0.02,0.02,0.02,0.02,0.030977385118603706
img_05653.jpg,0.030915334820747375,0.16238932311534882,0.02,0.02,0.02,0.02,0.02,0.7858484387397766
img_05654.jpg,0.07238715887069702,0.9154214859008789,0.02,0.02,0.02,0.02,0.02,0.02
img_05657.jpg,0.04997361823916435,0.7924363613128662,0.02,0.02,0.02,0.02,0.02,0.1453617960214615
img_05672.jpg,0.02,0.02,0.02,0.02,0.02,0.98,0.02,0.02
img_05673.jpg,0.08434885740280151,0.9082906246185303,0.02,0.02,0.02,0.02,0.02,0.02
img_05682.jpg,0.02,0.98,0.02,0.02,0.02,0.02,0.02,0.02
img_05692.jpg,0.1456281840801239,0.5429753065109253,0.02,0.02,0.02,0.02,0.02,0.3087480068206787
img_05718.jpg,0.037499070167541504,0.02,0.26220783591270447,0.02,0.5538864731788635,0.02,0.02,0.10911082476377487
img_05719.jpg,0.0992746576666832,0.02,0.02,0.02,0.02,0.02,0.02,0.8991601467132568
img_05721.jpg,0.98,0.02,0.02,0.02,0.02,0.02,0.02,0.02
img_05722.jpg,0.02,0.02,0.02,0.02,0.02,0.02,0.02,0.98
img_05724.jpg,0.02,0.9695571660995483,0.02,0.02,0.02,0.02,0.02,0.02
img_05731.jpg,0.9648070931434631,0.02,0.02,0.02,0.02,0.02,0.02,0.0319899283349514
img_05735.jpg,0.02,0.98,0.02,0.02,0.02,0.02,0.02,0.02
img_05740.jpg,0.027151668444275856,0.9590831398963928,0.02,0.02,0.02,0.02,0.02,0.02
img_05743.jpg,0.17976781725883484,0.02,0.02,0.02,0.02,0.8039392232894897,0.02,0.02
img_05754.jpg,0.04685915261507034,0.8482640981674194,0.02,0.02,0.02,0.10118139535188675,0.02,0.02
img_05755.jpg,0.02,0.98,0.02,0.02,0.02,0.02,0.02,0.02
img_05766.jpg,0.02,0.02,0.02,0.02,0.02,0.02,0.02,0.98
img_05768.jpg,0.02,0.98,0.02,0.02,0.02,0.02,0.02,0.02
img_05775.jpg,0.11169682443141937,0.8829928636550903,0.02,0.02,0.02,0.02,0.02,0.02
img_05790.jpg,0.02,0.98,0.02,0.02,0.02,0.02,0.02,0.02
img_05792.jpg,0.02,0.975243330001831,0.02,0.02,0.02,0.02,0.02,0.02
img_05794.jpg,0.05268673971295357,0.9231707453727722,0.02,0.02,0.02,0.02,0.02,0.02
img_05805.jpg,0.053006693720817566,0.8077607154846191,0.028599513694643974,0.02,0.02,0.02,0.02,0.10735107213258743
img_05813.jpg,0.02,0.02,0.02,0.02,0.02,0.02,0.02,0.98
img_05817.jpg,0.027737051248550415,0.8483532667160034,0.02,0.02,0.02,0.10305081307888031,0.02,0.02
img_05824.jpg,0.98,0.02,0.02,0.02,0.02,0.02,0.02,0.02
img_05828.jpg,0.02,0.98,0.02,0.02,0.02,0.02,0.02,0.02
img_05835.jpg,0.02905336022377014,0.9456024765968323,0.02,0.02,0.02,0.02,0.02,0.02
img_05838.jpg,0.06092889606952667,0.8870298266410828,0.02740398235619068,0.02,0.02,0.02,0.02,0.02
img_05857.jpg,0.02,0.9288272857666016,0.0286604892462492,0.02,0.02,0.02,0.02,0.02
img_05864.jpg,0.02,0.8681029081344604,0.02,0.02,0.02,0.10160861164331436,0.02,0.02
img_05879.jpg,0.02,0.98,0.02,0.02,0.02,0.02,0.02,0.02
img_05882.jpg,0.02119171991944313,0.9667308330535889,0.02,0.02,0.02,0.02,0.02,0.02
img_05896.jpg,0.02,0.8995189666748047,0.02999461628496647,0.02,0.02,0.02,0.02,0.04272840544581413
img_05908.jpg,0.98,0.02,0.02,0.02,0.02,0.02,0.02,0.02
img_05915.jpg,0.09290630370378494,0.02,0.02,0.02,0.02,0.02,0.02,0.8955660462379456
img_05916.jpg,0.14355985820293427,0.7588202357292175,0.02,0.02,0.02,0.02,0.02,0.09676525741815567
img_05922.jpg,0.02,0.9467174410820007,0.03853416442871094,0.02,0.02,0.02,0.02,0.02
img_05927.jpg,0.02,0.4976275861263275,0.47300922870635986,0.02,0.02,0.02,0.02,0.02
img_05940.jpg,0.8504181504249573,0.02,0.02,0.02,0.02,0.02,0.02,0.12147398293018341
img_05948.jpg,0.02,0.98,0.02,0.02,0.02,0.02,0.02,0.02
img_05950.jpg,0.06369907408952713,0.914873480796814,0.02,0.02,0.02,0.02,0.02,0.02
img_05953.jpg,0.02,0.5985924601554871,0.02,0.02,0.02,0.02,0.09346324950456619,0.2695525288581848
img_05958.jpg,0.02650827169418335,0.02,0.02,0.02,0.02,0.02,0.02,0.9731696844100952
img_05960.jpg,0.12743668258190155,0.02,0.02,0.02,0.02,0.02,0.02,0.8710454106330872
img_05963.jpg,0.02,0.9670000076293945,0.02,0.02,0.02,0.02,0.02,0.02
img_05967.jpg,0.032418690621852875,0.876091718673706,0.02,0.02,0.02,0.02,0.02,0.07297636568546295
img_05976.jpg,0.028424199670553207,0.8850131630897522,0.02,0.02,0.02,0.06683795899152756,0.02,0.02
img_05979.jpg,0.98,0.02,0.02,0.02,0.02,0.02,0.02,0.02
img_05981.jpg,0.9380201101303101,0.04575686156749725,0.02,0.02,0.02,0.02,0.02,0.02
img_05989.jpg,0.02,0.9743636846542358,0.02,0.02,0.02,0.02,0.02,0.02
img_06001.jpg,0.02,0.98,0.02,0.02,0.02,0.02,0.02,0.02
img_06003.jpg,0.028790222480893135,0.6408424973487854,0.02,0.02,0.02,0.02,0.02,0.31444260478019714
img_06010.jpg,0.02599985897541046,0.15654543042182922,0.02,0.02,0.02,0.02,0.02,0.8085344433784485
img_06021.jpg,0.02,0.02,0.02,0.98,0.02,0.02,0.02,0.02
img_06033.jpg,0.1533132791519165,0.09834833443164825,0.02,0.02,0.02,0.02,0.02,0.7337945103645325
img_06037.jpg,0.02,0.9211296439170837,0.02,0.02,0.02,0.02,0.02,0.07111519575119019
img_06038.jpg,0.025946371257305145,0.02,0.05060938000679016,0.02,0.02,0.02,0.02,0.891499400138855
img_06042.jpg,0.10400339215993881,0.8920716643333435,0.02,0.02,0.02,0.02,0.02,0.02
img_06059.jpg,0.98,0.02,0.02,0.02,0.02,0.02,0.02,0.02
img_06065.jpg,0.04678808152675629,0.9477233290672302,0.02,0.02,0.02,0.02,0.02,0.02
img_06067.jpg,0.02,0.02,0.02,0.98,0.02,0.02,0.02,0.02
img_06076.jpg,0.031025441363453865,0.958644449710846,0.02,0.02,0.02,0.02,0.02,0.02
img_06097.jpg,0.02,0.02,0.02,0.02,0.02,0.02,0.02,0.98
img_06099.jpg,0.022119008004665375,0.07718449831008911,0.02,0.02,0.02,0.02,0.02,0.8977189064025879
img_06101.jpg,0.98,0.02,0.02,0.02,0.02,0.02,0.02,0.02
img_06103.jpg,0.98,0.02,0.02,0.02,0.02,0.02,0.02,0.02
img_06137.jpg,0.057014189660549164,0.02,0.02,0.02,0.02,0.02,0.02,0.9402992129325867
img_06144.jpg,0.04307631775736809,0.02,0.02,0.3896142542362213,0.02,0.56230628490448,0.02,0.02
img_06147.jpg,0.09275761991739273,0.038973186165094376,0.02,0.02,0.02,0.02,0.02,0.8597576022148132
img_06165.jpg,0.07153105735778809,0.02,0.02,0.02,0.02,0.02,0.02,0.9226543307304382
img_06174.jpg,0.02,0.9503602981567383,0.03798205032944679,0.02,0.02,0.02,0.02,0.02
img_06186.jpg,0.02,0.8747899532318115,0.03520636260509491,0.02,0.02,0.02,0.02,0.060448963195085526
img_06189.jpg,0.044196125119924545,0.926186740398407,0.02,0.02,0.02,0.02,0.02,0.023145431652665138
img_06203.jpg,0.02,0.9096332788467407,0.02,0.02,0.02,0.020259791985154152,0.023734236136078835,0.029314937070012093
img_06207.jpg,0.3671036660671234,0.02,0.02,0.02,0.02,0.592808723449707,0.02,0.02
img_06210.jpg,0.02,0.02,0.02,0.02,0.02,0.02,0.02,0.98
img_06211.jpg,0.03493830934166908,0.9528037905693054,0.02,0.02,0.02,0.02,0.02,0.02
img_06237.jpg,0.13786344230175018,0.7803735733032227,0.02,0.02,0.02,0.02,0.02,0.0467623807489872
img_06238.jpg,0.98,0.02,0.02,0.02,0.02,0.02,0.02,0.02
img_06259.jpg,0.06429504603147507,0.02,0.02,0.02,0.02,0.02,0.02,0.9350727200508118
img_06261.jpg,0.102437324821949,0.8799073100090027,0.02,0.02,0.02,0.02,0.02,0.02
img_06268.jpg,0.0485692024230957,0.02,0.02,0.02,0.02,0.02,0.02,0.9252684116363525
img_06272.jpg,0.98,0.02,0.02,0.02,0.02,0.02,0.02,0.02
img_06273.jpg,0.05406114459037781,0.9277300834655762,0.02,0.02,0.02,0.02,0.02,0.02
img_06285.jpg,0.02,0.02,0.02,0.02,0.02,0.02,0.02,0.98
img_06294.jpg,0.02,0.9646878242492676,0.02,0.02,0.02,0.02,0.02,0.02
img_06302.jpg,0.02,0.03455353528261185,0.02,0.02,0.02,0.02,0.02,0.9461421370506287
img_06311.jpg,0.04892951250076294,0.9008930921554565,0.033067863434553146,0.02,0.02,0.02,0.02,0.02
img_06318.jpg,0.02,0.9469566345214844,0.02,0.02,0.02,0.02,0.02,0.04379839822649956
img_06321.jpg,0.04322246462106705,0.2885432839393616,0.02,0.02,0.02,0.02,0.02,0.6665688753128052
img_06324.jpg,0.02104691043496132,0.02,0.027629399672150612,0.02,0.04943697527050972,0.02,0.02,0.8757174611091614
img_06332.jpg,0.05126878619194031,0.02,0.02,0.02,0.02,0.02,0.02,0.932393491268158
img_06345.jpg,0.02,0.02,0.02,0.02,0.02,0.02,0.02,0.98
img_06346.jpg,0.02,0.048859212547540665,0.10091874748468399,0.02,0.02,0.7971660494804382,0.03769344836473465,0.02
img_06349.jpg,0.98,0.02,0.02,0.02,0.02,0.02,0.02,0.02
img_06368.jpg,0.8861714601516724,0.07559318095445633,0.02,0.02,0.02,0.02,0.02,0.032645490020513535
img_06369.jpg,0.25232765078544617,0.1662953794002533,0.02,0.02,0.02,0.02,0.02,0.5451344847679138
img_06371.jpg,0.03901258483529091,0.03186607360839844,0.9172490239143372,0.02,0.02,0.02,0.02,0.02
img_06373.jpg,0.26810094714164734,0.02,0.02,0.17058289051055908,0.02,0.02,0.02,0.5608444809913635
img_06401.jpg,0.98,0.02,0.02,0.02,0.02,0.02,0.02,0.02
img_06412.jpg,0.02,0.98,0.02,0.02,0.02,0.02,0.02,0.02
img_06424.jpg,0.9030197262763977,0.02,0.02,0.02,0.02,0.02,0.02,0.08239472657442093
img_06426.jpg,0.020734839141368866,0.8862804174423218,0.02,0.02,0.02,0.02,0.02,0.09248963743448257
img_06440.jpg,0.02,0.02,0.08767124265432358,0.02,0.02,0.8072651624679565,0.06589259207248688,0.02
img_06455.jpg,0.02,0.9473301768302917,0.02,0.02,0.02,0.02,0.02,0.02
img_06469.jpg,0.042572807520627975,0.938709557056427,0.02,0.02,0.02,0.02,0.02,0.02
img_06475.jpg,0.04835319519042969,0.9131456613540649,0.02,0.02,0.02,0.02,0.02,0.037663668394088745
img_06477.jpg,0.02,0.02,0.02,0.02,0.02,0.02,0.02,0.98
img_06489.jpg,0.98,0.02,0.02,0.02,0.02,0.02,0.02,0.02
img_06496.jpg,0.046940311789512634,0.6829327940940857,0.17056703567504883,0.02,0.02,0.044545479118824005,0.02,0.03971473500132561
img_06506.jpg,0.045663122087717056,0.952204167842865,0.02,0.02,0.02,0.02,0.02,0.02
img_06508.jpg,0.9687115550041199,0.02,0.02,0.02,0.02,0.02,0.02,0.024959105998277664
img_06510.jpg,0.3001721501350403,0.6535142660140991,0.02,0.02,0.02,0.02,0.02,0.02
img_06521.jpg,0.04287158325314522,0.02,0.02,0.02,0.02,0.02,0.02,0.9519492983818054
img_06522.jpg,0.08536675572395325,0.8812963366508484,0.02,0.02,0.02,0.02,0.02,0.0323646254837513
img_06525.jpg,0.03640175238251686,0.02,0.02,0.9230507612228394,0.02,0.04020014405250549,0.02,0.02
img_06541.jpg,0.18322353065013885,0.8134249448776245,0.02,0.02,0.02,0.02,0.02,0.02
img_06547.jpg,0.020116088911890984,0.8137038350105286,0.02,0.02,0.02,0.02,0.02,0.15407519042491913
img_06549.jpg,0.02,0.8852939605712891,0.07772869616746902,0.02,0.02,0.024892669171094894,0.02,0.02
img_06555.jpg,0.04688318446278572,0.9338672757148743,0.02,0.02,0.02,0.02,0.02,0.02
img_06559.jpg,0.9723809361457825,0.02,0.02,0.02,0.02,0.02,0.02,0.02
img_06564.jpg,0.02,0.9492014646530151,0.02,0.02,0.02,0.02,0.02,0.02
img_06571.jpg,0.02,0.98,0.02,0.02,0.02,0.02,0.02,0.02
img_06585.jpg,0.98,0.02,0.02,0.02,0.02,0.02,0.02,0.02
img_06608.jpg,0.08345597237348557,0.6701337099075317,0.10246621072292328,0.02,0.027127211913466454,0.02,0.02,0.08353046327829361
img_06611.jpg,0.1149025484919548,0.02,0.02,0.02,0.02,0.02,0.02,0.8835330009460449
img_06614.jpg,0.024216309189796448,0.02,0.02,0.02,0.9392813444137573,0.02,0.02,0.029772894456982613
img_06616.jpg,0.10678692907094955,0.888416051864624,0.02,0.02,0.02,0.02,0.02,0.02
img_06630.jpg,0.07296067476272583,0.02,0.02,0.02,0.02,0.02,0.02,0.9256190061569214
img_06637.jpg,0.98,0.02,0.02,0.02,0.02,0.02,0.02,0.02
img_06642.jpg,0.07807021588087082,0.02,0.02,0.02,0.02,0.02,0.02,0.9204730987548828
img_06646.jpg,0.0359920859336853,0.8762742280960083,0.02,0.02,0.02,0.02,0.02,0.08109744638204575
img_06658.jpg,0.0306509081274271,0.8815937638282776,0.02,0.02,0.02,0.08074624091386795,0.02,0.02
img_06662.jpg,0.676042377948761,0.025819221511483192,0.02,0.02,0.02,0.02,0.02,0.27205100655555725
img_06663.jpg,0.02,0.02,0.02,0.02,0.9619051218032837,0.02,0.02,0.02
img_06673.jpg,0.02,0.98,0.02,0.02,0.02,0.02,0.02,0.02
img_06681.jpg,0.062579445540905,0.5887793898582458,0.02,0.02,0.32198789715766907,0.02,0.02,0.02
img_06684.jpg,0.02632269635796547,0.9534121155738831,0.02,0.02,0.02,0.02,0.02,0.02
img_06685.jpg,0.98,0.02,0.02,0.02,0.02,0.02,0.02,0.02
img_06690.jpg,0.98,0.02,0.02,0.02,0.02,0.02,0.02,0.02
img_06698.jpg,0.02,0.98,0.02,0.02,0.02,0.02,0.02,0.02
img_06732.jpg,0.02,0.98,0.02,0.02,0.02,0.02,0.02,0.02
img_06734.jpg,0.03170382231473923,0.7061417698860168,0.02,0.02,0.02,0.02,0.02,0.2558358907699585
img_06748.jpg,0.045201756060123444,0.02,0.02,0.02,0.02,0.02,0.02,0.9400879740715027
img_06756.jpg,0.03636966645717621,0.953919529914856,0.02,0.02,0.02,0.02,0.02,0.02
img_06780.jpg,0.07638134807348251,0.8865067958831787,0.02,0.02,0.02,0.02,0.02,0.03430182859301567
img_06783.jpg,0.05790093541145325,0.02,0.02,0.02,0.02,0.02,0.02,0.9340268969535828
img_06798.jpg,0.030313575640320778,0.0416797511279583,0.9270221590995789,0.02,0.02,0.02,0.02,0.02
img_06800.jpg,0.98,0.02,0.02,0.02,0.02,0.02,0.02,0.02
img_06806.jpg,0.02,0.02,0.04241078719496727,0.02,0.02,0.02,0.02,0.9411781430244446
img_06807.jpg,0.7708942294120789,0.02,0.02,0.17424385249614716,0.02,0.02,0.02,0.032747138291597366
img_06808.jpg,0.05180177465081215,0.452165812253952,0.02,0.02,0.02,0.02,0.02,0.47417426109313965
img_06812.jpg,0.04039984941482544,0.9458206295967102,0.02,0.02,0.02,0.02,0.02,0.02
img_06831.jpg,0.09855562448501587,0.8506090044975281,0.02,0.02,0.02,0.02,0.02,0.044413335621356964
img_06832.jpg,0.02,0.020732801407575607,0.02,0.02,0.02,0.02,0.02,0.9730212688446045
img_06845.jpg,0.02,0.02,0.02,0.02,0.02,0.02,0.02,0.9695695638656616
img_06849.jpg,0.32103440165519714,0.6259980797767639,0.02,0.02,0.02,0.02,0.02,0.023768888786435127
img_06851.jpg,0.061130721122026443,0.02,0.02,0.03249535337090492,0.02,0.02,0.8545929789543152,0.040111441165208817
img_06859.jpg,0.98,0.02,0.02,0.02,0.02,0.02,0.02,0.02
img_06860.jpg,0.98,0.02,0.02,0.02,0.02,0.02,0.02,0.02
img_06870.jpg,0.08028782904148102,0.8983235955238342,0.02,0.02,0.02,0.02,0.02,0.02
img_06892.jpg,0.02,0.98,0.02,0.02,0.02,0.02,0.02,0.02
img_06893.jpg,0.02,0.98,0.02,0.02,0.02,0.02,0.02,0.02
img_06899.jpg,0.9034263491630554,0.07800180464982986,0.02,0.02,0.02,0.02,0.02,0.02
img_06902.jpg,0.8462591171264648,0.02,0.02,0.02,0.02,0.02,0.02,0.13925693929195404
img_06909.jpg,0.02,0.9702997207641602,0.02,0.02,0.02,0.02,0.02,0.02
img_06914.jpg,0.98,0.02,0.02,0.02,0.02,0.02,0.02,0.02
img_06916.jpg,0.02,0.9604511260986328,0.02,0.02,0.02,0.02,0.02,0.02
img_06921.jpg,0.07477349787950516,0.719139575958252,0.02,0.02,0.02,0.1536739021539688,0.02,0.043713539838790894
img_06922.jpg,0.07717154175043106,0.04182378575205803,0.02,0.0885200947523117,0.02,0.5847101211547852,0.13880960643291473,0.05639314651489258
img_06936.jpg,0.02,0.98,0.02,0.02,0.02,0.02,0.02,0.02
img_06939.jpg,0.02,0.98,0.02,0.02,0.02,0.02,0.02,0.02
img_06946.jpg,0.02,0.7290019392967224,0.02,0.02,0.02,0.02,0.02,0.22248952090740204
img_06947.jpg,0.98,0.02,0.02,0.02,0.02,0.02,0.02,0.02
img_06955.jpg,0.02,0.8914727568626404,0.07645861059427261,0.02,0.02,0.02,0.02,0.02
img_06959.jpg,0.02,0.98,0.02,0.02,0.02,0.02,0.02,0.02
img_06962.jpg,0.5919756889343262,0.27916407585144043,0.02,0.02,0.02,0.02,0.06770342588424683,0.027612777426838875
img_06966.jpg,0.02,0.98,0.02,0.02,0.02,0.02,0.02,0.02
img_06975.jpg,0.02,0.9587066173553467,0.02,0.02,0.02,0.02,0.02,0.02
img_06985.jpg,0.34337759017944336,0.02,0.02,0.04859248921275139,0.02,0.02,0.02,0.5699447989463806
img_06986.jpg,0.11363324522972107,0.8761032819747925,0.02,0.02,0.02,0.02,0.02,0.02
img_07005.jpg,0.09900882840156555,0.8942462801933289,0.02,0.02,0.02,0.02,0.02,0.02
img_07023.jpg,0.09720256179571152,0.7462155818939209,0.02,0.02,0.02,0.02,0.02,0.1526975780725479
img_07043.jpg,0.98,0.02,0.02,0.02,0.02,0.02,0.02,0.02
img_07044.jpg,0.24813254177570343,0.03682749718427658,0.02,0.08336170762777328,0.02,0.03422290459275246,0.062424782663583755,0.5071295499801636
img_07045.jpg,0.05974698066711426,0.9106014370918274,0.02,0.02,0.02,0.02,0.02,0.029078997671604156
img_07050.jpg,0.026496950536966324,0.02,0.02,0.02,0.9559757709503174,0.02,0.02,0.02
img_07051.jpg,0.02,0.02,0.02,0.02,0.02,0.02,0.9604524374008179,0.028940238058567047
img_07054.jpg,0.09396057575941086,0.09723414480686188,0.22203050553798676,0.02,0.02,0.02,0.02,0.5861311554908752
img_07060.jpg,0.030629487708210945,0.040811263024806976,0.02,0.02,0.02,0.02,0.02,0.9063509702682495
img_07062.jpg,0.8832440972328186,0.02,0.02,0.04627353698015213,0.02,0.05305911600589752,0.02,0.02
img_07065.jpg,0.07443896681070328,0.036307018250226974,0.17202596366405487,0.02,0.5880511999130249,0.028709588572382927,0.02,0.09330373257398605
img_07068.jpg,0.24931101500988007,0.1763986498117447,0.04391802102327347,0.02,0.02,0.49266061186790466,0.02,0.02
img_07079.jpg,0.9604429006576538,0.02,0.02,0.033483438193798065,0.02,0.02,0.02,0.02
img_07084.jpg,0.02,0.02,0.02,0.02,0.02,0.02,0.02,0.98
img_07086.jpg,0.047220975160598755,0.046915553510189056,0.02,0.02,0.02,0.02,0.02,0.9007145762443542
img_07094.jpg,0.02,0.9703781008720398,0.02,0.02,0.02,0.02,0.02,0.025149624794721603
img_07103.jpg,0.02,0.98,0.02,0.02,0.02,0.02,0.02,0.02
img_07110.jpg,0.04878099262714386,0.893516480922699,0.02,0.02,0.02,0.03188851848244667,0.02,0.02
img_07120.jpg,0.09196016937494278,0.02,0.02,0.02,0.02,0.02,0.02,0.907285213470459
img_07122.jpg,0.060872334986925125,0.058880243450403214,0.8337979912757874,0.02,0.02,0.02,0.02,0.03039141371846199
img_07137.jpg,0.12374944984912872,0.8495199084281921,0.02,0.02,0.02,0.02,0.02,0.024905264377593994
img_07143.jpg,0.8545752167701721,0.11541984975337982,0.02,0.02,0.02,0.02,0.02,0.02
img_07146.jpg,0.7519876956939697,0.02,0.02,0.02,0.02,0.02,0.02,0.23804302513599396
img_07147.jpg,0.98,0.02,0.02,0.02,0.02,0.02,0.02,0.02
img_07149.jpg,0.021860910579562187,0.1405562311410904,0.020815974101424217,0.02,0.02,0.02,0.02,0.815880537033081
img_07156.jpg,0.02,0.975865364074707,0.02,0.02,0.02,0.02,0.02,0.02
img_07157.jpg,0.02,0.98,0.02,0.02,0.02,0.02,0.02,0.02
img_07160.jpg,0.98,0.02,0.02,0.02,0.02,0.02,0.02,0.02
img_07173.jpg,0.02,0.02,0.02,0.02,0.02,0.02,0.02,0.98
img_07179.jpg,0.8974177837371826,0.02,0.02,0.02,0.02,0.02,0.02,0.0960286408662796
img_07183.jpg,0.10081891715526581,0.02,0.1838018149137497,0.02,0.5986037850379944,0.06009488180279732,0.02,0.039751820266246796
img_07187.jpg,0.12964670360088348,0.838008463382721,0.02,0.02,0.02,0.02,0.02,0.021350780501961708
img_07188.jpg,0.02,0.7237266302108765,0.02,0.02,0.02,0.02,0.02,0.27103108167648315
img_07191.jpg,0.2035207748413086,0.5421189665794373,0.027171803638339043,0.02,0.02,0.191002756357193,0.02,0.02
img_07192.jpg,0.36793485283851624,0.10371123999357224,0.02,0.02,0.02,0.02,0.02,0.47260525822639465
img_07199.jpg,0.98,0.02,0.02,0.02,0.02,0.02,0.02,0.02
img_07213.jpg,0.02,0.02,0.02,0.02,0.02,0.9629923701286316,0.02,0.02
img_07224.jpg,0.8813554644584656,0.02107285149395466,0.02,0.02,0.02,0.02,0.02,0.08154083788394928
img_07231.jpg,0.06391970068216324,0.9060291647911072,0.02,0.02,0.02,0.02,0.02,0.02297576703131199
img_07237.jpg,0.02536170743405819,0.8539978861808777,0.11654286086559296,0.02,0.02,0.02,0.02,0.02
img_07251.jpg,0.02,0.9007193446159363,0.02,0.02,0.02,0.02,0.02,0.08481281995773315
img_07270.jpg,0.98,0.02,0.02,0.02,0.02,0.02,0.02,0.02
img_07278.jpg,0.02,0.9371077418327332,0.02,0.02,0.02,0.02,0.02,0.05812574923038483
img_07304.jpg,0.02,0.98,0.02,0.02,0.02,0.02,0.02,0.02
img_07314.jpg,0.02,0.02,0.02,0.02,0.02,0.02,0.02,0.98
img_07318.jpg,0.033986933529376984,0.02,0.02,0.02,0.02,0.02,0.02,0.965821385383606
img_07319.jpg,0.02,0.02,0.02,0.02,0.02,0.02,0.02,0.98
img_07330.jpg,0.02,0.98,0.02,0.02,0.02,0.02,0.02,0.02
img_07348.jpg,0.8867214918136597,0.02,0.02,0.02,0.02,0.02,0.02,0.1037735641002655
img_07352.jpg,0.1498802751302719,0.7971116304397583,0.02,0.02,0.02,0.02,0.02,0.05248844251036644
img_07354.jpg,0.02,0.98,0.02,0.02,0.02,0.02,0.02,0.02
img_07371.jpg,0.09299533814191818,0.02,0.02,0.02,0.02,0.02,0.02,0.8810270428657532
img_07375.jpg,0.0867617130279541,0.8863628506660461,0.02,0.02,0.02,0.02,0.02,0.02
img_07409.jpg,0.98,0.02,0.02,0.02,0.02,0.02,0.02,0.02
img_07417.jpg,0.048135001212358475,0.02,0.02,0.02,0.02,0.02,0.02,0.948582649230957
img_07419.jpg,0.06633022427558899,0.02,0.02,0.02,0.02,0.02,0.02,0.9324640035629272
img_07420.jpg,0.15802407264709473,0.02,0.02,0.02,0.8374042510986328,0.02,0.02,0.02
img_07426.jpg,0.22674505412578583,0.15185512602329254,0.02,0.02,0.5217225551605225,0.04212883859872818,0.02,0.02848861925303936
img_07428.jpg,0.05458991229534149,0.8681232929229736,0.06186496466398239,0.02,0.02,0.02,0.02,0.02
img_07434.jpg,0.6381032466888428,0.3441149592399597,0.02,0.02,0.02,0.02,0.02,0.02
img_07436.jpg,0.17686638236045837,0.02,0.02,0.11687090247869492,0.02,0.06148061901330948,0.6143730878829956,0.02717297524213791
img_07448.jpg,0.02,0.98,0.02,0.02,0.02,0.02,0.02,0.02
img_07460.jpg,0.08532156050205231,0.9066109657287598,0.02,0.02,0.02,0.02,0.02,0.02
img_07467.jpg,0.02183157578110695,0.9744757413864136,0.02,0.02,0.02,0.02,0.02,0.02
img_07469.jpg,0.98,0.02,0.02,0.02,0.02,0.02,0.02,0.02
img_07474.jpg,0.10051637887954712,0.8773938417434692,0.02,0.02,0.02,0.02,0.02,0.02
img_07501.jpg,0.02,0.98,0.02,0.02,0.02,0.02,0.02,0.02
img_07505.jpg,0.02,0.98,0.02,0.02,0.02,0.02,0.02,0.02
img_07508.jpg,0.02,0.02,0.02,0.02,0.02,0.02,0.02,0.9717545509338379
img_07514.jpg,0.06793522089719772,0.8940309286117554,0.02,0.02,0.02,0.02,0.02,0.026615463197231293
img_07526.jpg,0.023072827607393265,0.32633793354034424,0.02,0.02,0.02,0.02,0.02,0.6377683281898499
img_07528.jpg,0.030437719076871872,0.8279756307601929,0.02,0.02,0.02,0.02,0.02,0.1390831470489502
img_07538.jpg,0.035416703671216965,0.704208493232727,0.02,0.04352361336350441,0.02,0.1085599958896637,0.034095555543899536,0.06595011800527573
img_07543.jpg,0.98,0.02,0.02,0.02,0.02,0.02,0.02,0.02
img_07553.jpg,0.7874321937561035,0.07341890782117844,0.02,0.02,0.02,0.02,0.02,0.12571096420288086
img_07561.jpg,0.02,0.9733831286430359,0.02,0.02,0.02,0.02,0.02,0.02
img_07563.jpg,0.08057292550802231,0.7082321047782898,0.02,0.02,0.02,0.13132314383983612,0.02,0.041899342089891434
img_07574.jpg,0.4826960563659668,0.2059660255908966,0.02,0.02,0.02,0.02,0.02,0.2996230125427246
img_07578.jpg,0.02,0.02,0.02,0.02,0.02,0.02,0.02,0.98
img_07580.jpg,0.02,0.05965619906783104,0.2757992744445801,0.02,0.47517648339271545,0.06886064261198044,0.02,0.09815918654203415
img_07583.jpg,0.0929316058754921,0.02,0.02,0.02,0.02,0.060720354318618774,0.8366878628730774,0.02
img_07590.jpg,0.08407586812973022,0.9084629416465759,0.02,0.02,0.02,0.02,0.02,0.02
img_07594.jpg,0.026033585891127586,0.8054133653640747,0.02,0.02,0.02,0.02,0.02,0.16461865603923798
img_07616.jpg,0.23345224559307098,0.5616220831871033,0.02,0.02,0.02,0.029250917956233025,0.02,0.12217064946889877
img_07621.jpg,0.02,0.9581639766693115,0.02,0.02,0.02,0.02,0.02,0.03620850294828415
img_07623.jpg,0.07071292400360107,0.6710650324821472,0.02,0.02,0.02,0.02,0.02,0.2536279857158661
img_07628.jpg,0.9278738498687744,0.02,0.02,0.02,0.02,0.057053375989198685,0.02,0.02
img_07659.jpg,0.30959534645080566,0.041276149451732635,0.02,0.44302690029144287,0.02,0.0394887812435627,0.132802814245224,0.03253475949168205
img_07663.jpg,0.02,0.02,0.02,0.02,0.02,0.02,0.02,0.9671061038970947
img_07678.jpg,0.02,0.02,0.02,0.02,0.98,0.02,0.02,0.02
img_07689.jpg,0.03147861734032631,0.02,0.02,0.02,0.9493817687034607,0.02,0.02,0.02
img_07700.jpg,0.7980316877365112,0.15826039016246796,0.02,0.02,0.02,0.02,0.02,0.024090299382805824
img_07717.jpg,0.09128247946500778,0.9033908843994141,0.02,0.02,0.02,0.02,0.02,0.02
img_07746.jpg,0.021513106301426888,0.9296776652336121,0.02,0.02,0.02,0.03507031500339508,0.02,0.02
img_07757.jpg,0.032799508422613144,0.806550920009613,0.02,0.02,0.02,0.02,0.02,0.15113142132759094
img_07792.jpg,0.02,0.9227347373962402,0.02,0.02,0.02,0.02,0.02,0.05741088092327118
img_07799.jpg,0.05702799931168556,0.7762768864631653,0.02,0.02,0.02,0.02,0.02,0.14946669340133667
img_07818.jpg,0.06990926712751389,0.9250133633613586,0.02,0.02,0.02,0.02,0.02,0.02
img_07833.jpg,0.02,0.9470012187957764,0.02,0.02,0.02,0.02,0.02,0.02921227365732193
img_07859.jpg,0.98,0.02,0.02,0.02,0.02,0.02,0.02,0.02
img_07872.jpg,0.0408141128718853,0.9559897780418396,0.02,0.02,0.02,0.02,0.02,0.02
img_07893.jpg,0.15654151141643524,0.614317774772644,0.02,0.02,0.02,0.17090795934200287,0.02,0.02183225378394127
img_07895.jpg,0.13029558956623077,0.8613358736038208,0.02,0.02,0.02,0.02,0.02,0.02
img_07905.jpg,0.0947377160191536,0.8818069100379944,0.02,0.02,0.02,0.02,0.02,0.02
img_07906.jpg,0.033483389765024185,0.02,0.02,0.02,0.02,0.02,0.02,0.9630936980247498
img_07908.jpg,0.02,0.9556164741516113,0.02,0.02,0.02,0.02,0.02,0.03703189268708229
img_07910.jpg,0.02,0.9631057977676392,0.02,0.02,0.02,0.02,0.02,0.030117269605398178
img_07921.jpg,0.037686146795749664,0.02,0.02,0.02,0.02,0.9506285786628723,0.02,0.02
